-- phpMyAdmin SQL Dump
-- version 4.7.9
-- https://www.phpmyadmin.net/
--
-- Host: 127.0.0.1:3306
-- Generation Time: Apr 30, 2018 at 06:12 AM
-- Server version: 5.7.21
-- PHP Version: 5.6.35

SET SQL_MODE = "NO_AUTO_VALUE_ON_ZERO";
SET AUTOCOMMIT = 0;
START TRANSACTION;
SET time_zone = "+00:00";


/*!40101 SET @OLD_CHARACTER_SET_CLIENT=@@CHARACTER_SET_CLIENT */;
/*!40101 SET @OLD_CHARACTER_SET_RESULTS=@@CHARACTER_SET_RESULTS */;
/*!40101 SET @OLD_COLLATION_CONNECTION=@@COLLATION_CONNECTION */;
/*!40101 SET NAMES utf8mb4 */;

--
-- Database: `dynamicseatallotment`
--

DELIMITER $$
--
-- Procedures
--
DROP PROCEDURE IF EXISTS `PopulateDate`$$
CREATE DEFINER=`root`@`localhost` PROCEDURE `PopulateDate` ()  BEGIN
DECLARE Enddate DATETIME;
DECLARE EnddatePM datetime;
DECLARE Stdate datetime;
DECLARE StDatePM datetime;
DECLARE X int;
set Stdate 	= 	'2018-05-10 09:30'; 
set Enddate =	'2018-05-10 12:30';
set StdatePM = 	'2018-05-10 14:00';
set EnddatePM = '2018-05-10 17:00';
set X=0;
REPEAT
INSERT INTO TIMINGS (Start_datetime, End_datetime) VALUES (Stdate, Enddate); 
INSERT INTO TIMINGS (Start_datetime, End_datetime) VALUES (StdatePM, EnddatePM);
set Stdate = DATE_ADD(Stdate, INTERVAL 1 DAY);
set Enddate = DATE_ADD(Enddate, INTERVAL 1 DAY);
set StdatePM = DATE_ADD(StDatePM, INTERVAL 1 DAY);
set EnddatePM = DATE_ADD(EnddatePM, INTERVAL 1 DAY);
select Stdate, Enddate;
set X = X+1;
UNTIL X > 16
END REPEAT;


DELETE FROM TIMINGS WHERE Start_datetime LIKE '2018-05-13%' OR Start_datetime LIKE '2018-05-20%' OR Start_datetime LIKE '2018-05-25%';
END$$

DELIMITER ;

-- --------------------------------------------------------

--
-- Table structure for table `admin_auth`
--

DROP TABLE IF EXISTS `admin_auth`;
CREATE TABLE IF NOT EXISTS `admin_auth` (
  `id` varchar(30) NOT NULL,
  `password` varchar(30) NOT NULL,
  PRIMARY KEY (`id`)
) ENGINE=MyISAM DEFAULT CHARSET=latin1;

--
-- Dumping data for table `admin_auth`
--

INSERT INTO `admin_auth` (`id`, `password`) VALUES
('dbms', 'dbms'),
('dbms1', 'dbms1');

-- --------------------------------------------------------

--
-- Table structure for table `classroom`
--

DROP TABLE IF EXISTS `classroom`;
CREATE TABLE IF NOT EXISTS `classroom` (
  `classroomid` int(11) NOT NULL AUTO_INCREMENT,
  `classroomnumber` int(11) NOT NULL,
  `DepartmentNumber` int(11) NOT NULL,
  PRIMARY KEY (`classroomid`),
  KEY `DepartmentNumber_idx` (`DepartmentNumber`)
) ENGINE=InnoDB AUTO_INCREMENT=51 DEFAULT CHARSET=utf8;

--
-- Dumping data for table `classroom`
--

INSERT INTO `classroom` (`classroomid`, `classroomnumber`, `DepartmentNumber`) VALUES
(1, 1, 1),
(2, 2, 1),
(3, 3, 1),
(4, 4, 1),
(5, 5, 1),
(6, 6, 1),
(7, 7, 1),
(8, 8, 1),
(9, 9, 1),
(10, 10, 1),
(11, 1, 2),
(12, 2, 2),
(13, 3, 2),
(14, 4, 2),
(15, 5, 2),
(16, 6, 2),
(17, 7, 2),
(18, 8, 2),
(19, 9, 2),
(20, 10, 2),
(21, 1, 3),
(22, 2, 3),
(23, 3, 3),
(24, 4, 3),
(25, 5, 3),
(26, 6, 3),
(27, 7, 3),
(28, 8, 3),
(29, 9, 3),
(30, 10, 3),
(31, 1, 4),
(32, 2, 4),
(33, 3, 4),
(34, 4, 4),
(35, 5, 4),
(36, 6, 4),
(37, 7, 4),
(38, 8, 4),
(39, 9, 4),
(40, 10, 4),
(41, 1, 5),
(42, 2, 5),
(43, 3, 5),
(44, 4, 5),
(45, 5, 5),
(46, 6, 5),
(47, 7, 5),
(48, 8, 5),
(49, 9, 5),
(50, 10, 5);

-- --------------------------------------------------------

--
-- Table structure for table `clg_attendees`
--

DROP TABLE IF EXISTS `clg_attendees`;
CREATE TABLE IF NOT EXISTS `clg_attendees` (
  `Attendee_ID` char(10) NOT NULL,
  `FName` varchar(45) NOT NULL,
  `LName` varchar(45) DEFAULT NULL,
  `Ph_No` bigint(10) DEFAULT NULL,
  PRIMARY KEY (`Attendee_ID`)
) ENGINE=InnoDB DEFAULT CHARSET=utf8;

--
-- Dumping data for table `clg_attendees`
--

INSERT INTO `clg_attendees` (`Attendee_ID`, `FName`, `LName`, `Ph_No`) VALUES
('1RV15AS000', 'Veola', 'Clarke', 9686120008),
('1RV15AS001', 'Summer', 'Acosta', 9686120009),
('1RV15AS002', 'Angelyn', 'Mcbride', 9686120010),
('1RV15AS003', 'Jenifer', 'Holland', 9686120011),
('1RV15AS004', 'Tequila', 'Riggs', 9686120012),
('1RV15AS005', 'Gaylene', 'Krause', 9686120013),
('1RV15AS006', 'Janna', 'Cooke', 9686120014),
('1RV15AS007', 'Sina', 'Bond', 9686120015),
('1RV15AS008', 'Mitchel', 'Bates', 9686120016),
('1RV15AS009', 'Reanna', 'Ortega', 9686120017),
('1RV15AS010', 'Jacquline', 'Delgado', 9686120018),
('1RV15AS011', 'Saundra', 'Jefferson', 9686120019),
('1RV15AS012', 'Lucille', 'Merritt', 9686120020),
('1RV15AS013', 'Heide', 'Tyler', 9686120021),
('1RV15AS014', 'Brianna', 'Stark', 9686120022),
('1RV15AS015', 'Dominick', 'Wilkins', 9686120023),
('1RV15AS016', 'Lyndia', 'Day', 9686120024),
('1RV15AS017', 'Serina', 'Lopez', 9686120025),
('1RV15AS018', 'Gudrun', 'Blake', 9686120026),
('1RV15AS019', 'Marylynn', 'Andrade', 9686120027),
('1RV15AS020', 'Moises', 'Mathis', 9686120028),
('1RV15AS021', 'Juliann', 'Larsen', 9686120029),
('1RV15AS022', 'Kortney', 'Fritz', 9686120030),
('1RV15AS023', 'Cole', 'Carrillo', 9686120031),
('1RV15AS024', 'Blossom', 'Strong', 9686120032),
('1RV15AS025', 'Leola', 'Hull', 9686120033),
('1RV15AS026', 'Enrique', 'Garcia', 9686120034),
('1RV15AS027', 'Rina', 'Odom', 9686120035),
('1RV15AS028', 'Muriel', 'Stephens', 9686120036),
('1RV15AS029', 'Shay', 'Eaton', 9686120037),
('1RV15AS030', 'Lorrine', 'Barker', 9686120038),
('1RV15AS031', 'Hiroko', 'Kim', 9686120039),
('1RV15AS032', 'Sharan', 'Shaw', 9686120040),
('1RV15AS033', 'Oneida', 'Chapman', 9686120041),
('1RV15AS034', 'Cherry', 'Duarte', 9686120042),
('1RV15AS035', 'Leroy', 'Wong', 9686120043),
('1RV15AS036', 'Barb', 'Hicks', 9686120044),
('1RV15AS037', 'Sherman', 'Mccarty', 9686120045),
('1RV15AS038', 'Theda', 'Wu', 9686120046),
('1RV15AS039', 'Enoch', 'Morton', 9686120047),
('1RV15AS040', 'Felisha', 'Ellis', 9686120972),
('1RV15AS041', 'Karole', 'Franco', 9686120973),
('1RV15AS042', 'Joella', 'Lutz', 9686120974),
('1RV15AS043', 'Jadwiga', 'Lawrence', 9686120975),
('1RV15AS044', 'Huey', 'Waters', 9686120976),
('1RV15AS045', 'Laurel', 'Benjamin', 9686120977),
('1RV15AS046', 'Sana', 'Calhoun', 9686120978),
('1RV15AS047', 'Anneliese', 'Reed', 9686120979),
('1RV15AS048', 'Taisha', 'Cox', 9686120980),
('1RV15AS049', 'Mardell', 'Macias', 9686120981),
('1RV15AS050', 'Ophelia', 'Marquez', 9686120982),
('1RV15AS051', 'Hiram', 'Myers', 9686120983),
('1RV15AS052', 'Carline', 'Daniels', 9686120984),
('1RV15AS053', 'Neal', 'Burnett', 9686120985),
('1RV15AS054', 'Tu', 'Dean', 9686120986),
('1RV15AS055', 'Kenyatta', 'Brown', 9686120987),
('1RV15AS056', 'Sebastian', 'Copeland', 9686120988),
('1RV15AS057', 'Trista', 'Rose', 9686120989),
('1RV15AS058', 'Sheilah', 'Sparks', 9686120990),
('1RV15AS059', 'Ulysses', 'Thornton', 9686120991),
('1RV15AS060', 'Tyesha', 'Pruitt', 9632700023),
('1RV15AS061', 'Tanner', 'Zimmerman', 9632700048),
('1RV15AS062', 'Simone', 'Cobb', 9632700041),
('1RV15AS063', 'Manda', 'Lyons', 9632700008),
('1RV15AS064', 'Lolita', 'Oneal', 9632700018),
('1RV15AS065', 'Brittni', 'Phillips', 9632700020),
('1RV15AS066', 'Crysta', 'Coleman', 9632700063),
('1RV15AS067', 'Lakita', 'Meza', 9632700009),
('1RV15AS068', 'Gia', 'Watson', 9632700028),
('1RV15AS069', 'Albert', 'Stone', 9632700024),
('1RV15CS000', 'Colby', 'York', 9901800047),
('1RV15CS001', 'Murray', 'Lucas', 9901800034),
('1RV15CS002', 'Zelda', 'Cardenas', 9901800042),
('1RV15CS003', 'Ruben', 'Barry', 9901800038),
('1RV15CS004', 'Dian', 'Carlson', 9901800093),
('1RV15CS005', 'Rosia', 'Middleton', 9901800059),
('1RV15CS006', 'Morton', 'Wade', 9901800037),
('1RV15CS007', 'Meghan', 'Patterson', 9901800031),
('1RV15CS008', 'Nadia', 'Mejia', 9901800010),
('1RV15CS009', 'Sierra', 'Palmer', 9901800001),
('1RV15CS010', 'Donald', 'Saunders', 9901800043),
('1RV15CS011', 'Glynis', 'Owens', 9901800022),
('1RV15CS012', 'Jannie', 'Weber', 9901800029),
('1RV15CS013', 'Nicky', 'Fox', 9901800033),
('1RV15CS014', 'Clifford', 'Steele', 9901800078),
('1RV15CS015', 'Jenae', 'Crawford', 9901800021),
('1RV15CS016', 'Grayce', 'Peters', 9901800011),
('1RV15CS017', 'Genny', 'Jacobs', 9901800079),
('1RV15CS018', 'Lauralee', 'Payne', 9901800036),
('1RV15CS019', 'Bella', 'Cannon', 9901800098),
('1RV15CS020', 'Keshia', 'Hendricks', 9901800025),
('1RV15CS021', 'Darby', 'Wood', 9901800077),
('1RV15CS022', 'Sylvester', 'Lynch', 9901800024),
('1RV15CS023', 'Sherwood', 'Morris', 9901800097),
('1RV15CS024', 'Deana', 'Gonzales', 9901800075),
('1RV15CS025', 'Allyson', 'Sosa', 9901800055),
('1RV15CS026', 'Angila', 'Daniel', 9901800060),
('1RV15CS027', 'Florrie', 'Grimes', 9901800084),
('1RV15CS028', 'Danelle', 'Bautista', 9901800072),
('1RV15CS029', 'Rosie ', 'Lam', 9901800013),
('1RV15CS030', 'Karey', 'Brady', 9686039584),
('1RV15CS031', 'Carmine', 'Blackburn', 9686039585),
('1RV15CS032', 'Teisha', 'Yang', 9686039586),
('1RV15CS033', 'Yessenia', 'Velazquez', 9686039587),
('1RV15CS034', 'Arla', 'Parrish', 9686039588),
('1RV15CS035', 'Cedrick', 'Cooper', 9686039589),
('1RV15CS036', 'Liliana', 'Neal', 9686039590),
('1RV15CS037', 'Kacy', 'Mcdowell', 9686039591),
('1RV15CS038', 'Travis', 'Williamson', 9686039592),
('1RV15CS039', 'Tierra', 'Park', 9686039593),
('1RV15CS040', 'Audra', 'Wells', 9686039594),
('1RV15CS041', 'Fausto', 'Mcneil', 9686039595),
('1RV15CS042', 'Shanna', 'Ritter', 9686039596),
('1RV15CS043', 'Dong', 'Juarez', 9686039597),
('1RV15CS044', 'Bethany', 'Cain', 9686039598),
('1RV15CS045', 'Florentina', 'Mckinney', 9686039599),
('1RV15CS046', 'Love', 'Jimenez', 9686039600),
('1RV15CS047', 'Berniece', 'Blanchard', 9686039601),
('1RV15CS048', 'Mora', 'Schaefer', 9686039602),
('1RV15CS049', 'Catalina', 'Nunez', 9686039603),
('1RV15CS050', 'Deana', 'Melton', 9686039604),
('1RV15CS051', 'Ashleigh', 'Lambert', 9686039605),
('1RV15CS052', 'Doria', 'Mcguire', 9686039606),
('1RV15CS053', 'Leida', 'Hall', 9686039607),
('1RV15CS054', 'Angeles', 'Hickman', 9686039608),
('1RV15CS055', 'Irina', 'Shepherd', 9686039609),
('1RV15CS056', 'Moon', 'Mckenzie', 9686039610),
('1RV15CS057', 'Aubrey', 'Fletcher', 9686039611),
('1RV15CS058', 'Valrie', 'Powell', 9686039612),
('1RV15CS059', 'Vincent', 'Foster', 9686039613),
('1RV15CS060', 'Earleen', 'Baldwin', 9686039614),
('1RV15CS061', 'Beverlee', 'Casey', 9686039615),
('1RV15CS062', 'Wilhelmina', 'Hobbs', 9686120000),
('1RV15CS063', 'Tanja', 'Buchanan', 9686120001),
('1RV15CS064', 'Galina', 'Fowler', 9686120002),
('1RV15CS065', 'Santina', 'Rodriguez', 9686120003),
('1RV15CS066', 'Mikki', 'Martinez', 9686120004),
('1RV15CS067', 'Robbi', 'Hill', 9686120005),
('1RV15CS068', 'Regenia', 'Roman', 9686120006),
('1RV15CS069', 'Shawnna', 'Johnston', 9686120007),
('1RV15CS100', 'Ram', 'Gopal', 7411205896),
('1RV15EC000', 'Delora', 'Petty', 9632700082),
('1RV15EC001', 'Bridget', 'Mccarthy', 9632700051),
('1RV15EC002', 'Clarinda', 'Lowe', 9632700007),
('1RV15EC003', 'Ralph', 'David', 9632700006),
('1RV15EC004', 'Alicia', 'Colon', 9632700077),
('1RV15EC005', 'Jonathon', 'Frey', 9632700012),
('1RV15EC006', 'Jess', 'Contreras', 9632700016),
('1RV15EC007', 'Prudence', 'Hart', 9632700045),
('1RV15EC008', 'Kiesha', 'Roberson', 9632700069),
('1RV15EC009', 'Yetta', 'Garrett', 9632700068),
('1RV15EC010', 'Natividad', 'Proctor', 9632700060),
('1RV15EC011', 'Margarette', 'Huber', 9632700056),
('1RV15EC012', 'Rosana', 'Gilmore', 9632700084),
('1RV15EC013', 'Susanne', 'Novak', 9632700032),
('1RV15EC014', 'Laquita', 'Chandler', 9632700030),
('1RV15EC015', 'Melania', 'Rogers', 9632700005),
('1RV15EC016', 'Ta', 'Graves', 9632700070),
('1RV15EC017', 'Alonso', 'Browning', 9632700039),
('1RV15EC018', 'Erlene', 'Wheeler', 9632700074),
('1RV15EC019', 'Corinne', 'Mccann', 9632700025),
('1RV15EC020', 'Olevia', 'Conner', 9632700004),
('1RV15EC021', 'Helaine', 'Hawkins', 9632700078),
('1RV15EC022', 'Felipe', 'Chung', 9632700010),
('1RV15EC023', 'Kelsie', 'Valenzuela', 9632700087),
('1RV15EC024', 'Betsy', 'Stephenson', 9632700072),
('1RV15EC025', 'Petronila', 'Zhang', 9632700036),
('1RV15EC026', 'Mellie', 'Nash', 9632700088),
('1RV15EC027', 'Angelica', 'Bauer', 9632700046),
('1RV15EC028', 'Troy', 'Barnett', 9632700042),
('1RV15EC029', 'Magaret', 'Lozano', 9632700057),
('1RV15EC030', 'Linn', 'Macdonald', 9632700097),
('1RV15EC031', 'Mitch', 'Davila', 9632700035),
('1RV15EC032', 'Johnathon', 'Riley', 9632700049),
('1RV15EC033', 'Hubert', 'Medina', 9632700086),
('1RV15EC034', 'Etha', 'Olsen', 9632700022),
('1RV15EC035', 'Andres', 'White', 9632700037),
('1RV15EC036', 'Seth', 'Combs', 9632700098),
('1RV15EC037', 'Peggie', 'Hanna', 9632700003),
('1RV15EC038', 'Gerard', 'Schmitt', 9632700054),
('1RV15EC039', 'Illa', 'Smitty', 9632700092),
('1RV15EC040', 'Lauri', 'Ayala', 9632700047),
('1RV15EC041', 'Frances', 'Santiago', 9632700096),
('1RV15EC042', 'Alicia', 'Ashley', 9632700073),
('1RV15EC043', 'Carmon', 'Jennings', 9632700053),
('1RV15EC044', 'Matt', 'Bartlett', 9632700089),
('1RV15EC045', 'Sheba', 'Herring', 9632700044),
('1RV15EC046', 'Marivel', 'Pennington', 9632700034),
('1RV15EC047', 'Shawnda', 'Carson', 9632700015),
('1RV15EC048', 'Zoe', 'Spenc', 9632700031),
('1RV15EC049', 'Octavi', 'Atkinson', 9632700079),
('1RV15EC050', 'Jionne', 'Grave', 9632700076),
('1RV15EC051', 'Laurinda', 'Nash', 9632700094),
('1RV15EC052', 'Warner', 'Vargas', 9632700011),
('1RV15EC053', 'Julee', 'Wheeler', 9632700064),
('1RV15EC054', 'Marcia', 'Shea', 9632700067),
('1RV15EC055', 'Jetta', 'Yang', 9632700013),
('1RV15EC056', 'Krysta', 'Mcknight', 9632700002),
('1RV15EC057', 'Salvador', 'Curry', 9632700080),
('1RV15EC058', 'Maude', 'Potter', 9632700081),
('1RV15EC059', 'Nakesha', 'Sloan', 9632700050),
('1RV15EC060', 'Brigida', 'Garner', 9632700085),
('1RV15EC061', 'Jacquelyne', 'Beltran', 9632700061),
('1RV15EC062', 'Lenard', 'Powell', 9632700019),
('1RV15EC063', 'Mac', 'Goodwin', 9632700075),
('1RV15EC064', 'Dylan', 'Massey', 9632700052),
('1RV15EC065', 'Lonny', 'Mcdonald', 9632700071),
('1RV15EC066', 'Berneice', 'Dominguez', 9632700065),
('1RV15EC067', 'Xuan', 'Oconnell', 9632700014),
('1RV15EC068', 'Rita', 'Wilkins', 9632700001),
('1RV15EC069', 'Emelda', 'Harrison', 9632700083),
('1RV15EE000', 'Adam', 'Kidd', 9632700055),
('1RV15EE001', 'Chelsea', 'Wiley', 9632700093),
('1RV15EE002', 'Virgil', 'Patterson', 9632700062),
('1RV15EE003', 'Moriah', 'Chen', 9632700058),
('1RV15EE004', 'Jeremiah', 'Grimes', 9632700021),
('1RV15EE005', 'Shizue', 'Garrison', 9632700099),
('1RV15EE006', 'Candida', 'Shannon', 9632700026),
('1RV15EE007', 'Jordan', 'Morse', 9632700040),
('1RV15EE008', 'Vena', 'Henderson', 9632700033),
('1RV15EE009', 'Flora', 'Mann', 9632700029),
('1RV15EE010', 'Derick', 'Huber', 9632700000),
('1RV15EE011', 'Ardell', 'Le', 9632700027),
('1RV15EE012', 'Chance', 'Hines', 9632700091),
('1RV15EE013', 'Katharyn', 'Price', 9632700043),
('1RV15EE014', 'Jacinto', 'Rocha', 9632700066),
('1RV15EE015', 'Oliva', 'Brennan', 9632700059),
('1RV15EE016', 'Roxane', 'Richmond', 9632700095),
('1RV15EE017', 'Sal', 'Burch', 9632700017),
('1RV15EE018', 'Giav', 'Sanchez', 9632700038),
('1RV15EE019', 'Ariane', 'Bean', 9632700090),
('1RV15EE020', 'Ardelle', 'Buck', 9980900085),
('1RV15EE021', 'Alberto', 'Pope', 9980900091),
('1RV15EE022', 'Hanh', 'Ewing', 9980900040),
('1RV15EE023', 'Herma', 'Byrd', 9980900072),
('1RV15EE024', 'Francesco', 'Mccullough', 9980900065),
('1RV15EE025', 'Lyndsey', 'Christian', 9980900031),
('1RV15EE026', 'Kylee', 'Rangel', 9980900007),
('1RV15EE027', 'Alonso', 'Estes', 9980900068),
('1RV15EE028', 'Morris', 'Ware', 9980900006),
('1RV15EE029', 'Tommie', 'Raymond', 9980900078),
('1RV15EE030', 'Yi', 'Marquez', 9980900083),
('1RV15EE031', 'Isaac', 'Sharp', 9980900019),
('1RV15EE032', 'Matilde', 'Curtis', 9980900061),
('1RV15EE033', 'Carie', 'Holden', 9980900028),
('1RV15EE034', 'Dino', 'Flynn', 9980900043),
('1RV15EE035', 'Christie', 'Johns', 9980900026),
('1RV15EE036', 'Virgilio', 'Jordan', 9980900099),
('1RV15EE037', 'Edwina', 'Robles', 9980900052),
('1RV15EE038', 'Ted', 'Ballard', 9980900089),
('1RV15EE039', 'Ettie', 'Robertson', 9980900054),
('1RV15EE040', 'Adrianne', 'Wallace', 9980900013),
('1RV15EE041', 'Juliane', 'Odonnell', 9980900022),
('1RV15EE042', 'Eden', 'Lane', 9980900030),
('1RV15EE043', 'Lakesha', 'Paul', 9980900060),
('1RV15EE044', 'Raisa', 'Blackwell', 9980900064),
('1RV15EE045', 'Brandy', 'Gamble', 9980900057),
('1RV15EE046', 'Oretha', 'Wagner', 9980900081),
('1RV15EE047', 'Huey', 'Riggs', 9980900093),
('1RV15EE048', 'Gena', 'Serrano', 9980900034),
('1RV15EE049', 'Karlene', 'Pugh', 9980900082),
('1RV15EE050', 'Renato', 'Beasley', 9980900041),
('1RV15EE051', 'Felton', 'Bradshaw', 9980900009),
('1RV15EE052', 'Harriett', 'Gentry', 9980900076),
('1RV15EE053', 'Retta', 'Bird', 9980900020),
('1RV15EE054', 'Many', 'Villegas', 9980900033),
('1RV15EE055', 'Lincoln', 'Malone', 9980900027),
('1RV15EE056', 'Scotty', 'Richard', 9980900045),
('1RV15EE057', 'Bruno', 'Wise', 9980900044),
('1RV15EE058', 'Brian', 'Clark', 9980900056),
('1RV15EE059', 'Hugh', 'Moon', 9980900000),
('1RV15EE060', 'Alexandra', 'Brooks', 9980900042),
('1RV15EE061', 'Laree', 'Meadows', 9980900051),
('1RV15EE062', 'Gudrun', 'Yates', 9980900001),
('1RV15EE063', 'Annemarie', 'Mercado', 9980900017),
('1RV15EE064', 'Antonio', 'Sandoval', 9980900039),
('1RV15EE065', 'Jonell', 'Ortiz', 9980900048),
('1RV15EE066', 'Raelene', 'Doyle', 9980900016),
('1RV15EE067', 'Jeannie', 'Cooke', 9980900062),
('1RV15EE068', 'Mirta', 'Garcia', 9980900014),
('1RV15EE069', 'Jarrod', 'Gomez', 9980900015),
('1RV15IS000', 'Hermila', 'Diaz', 9901800028),
('1RV15IS001', 'Alec', 'Snow', 9901800053),
('1RV15IS002', 'Efren', 'Escobar', 9901800095),
('1RV15IS003', 'Jules', 'Phelps', 9901800045),
('1RV15IS004', 'Diane', 'Mccoy', 9901800041),
('1RV15IS005', 'Carole', 'Olson', 9901800049),
('1RV15IS006', 'Ilene', 'Lowery', 9901800014),
('1RV15IS007', 'Glen', 'Buckley', 9901800054),
('1RV15IS008', 'Shannan', 'Orr', 9901800066),
('1RV15IS009', 'Jacques', 'Estrada', 9901800096),
('1RV15IS010', 'Cher', 'Acevedo', 9901800064),
('1RV15IS011', 'Ella', 'Dudley', 9901800057),
('1RV15IS012', 'Darla', 'Schneider', 9901800016),
('1RV15IS013', 'Terrance', 'Hodge', 9901800088),
('1RV15IS014', 'Grant', 'Crosby', 9901800018),
('1RV15IS015', 'Windy', 'Bradford', 9901800080),
('1RV15IS016', 'Nu', 'Dickerson', 9901800090),
('1RV15IS017', 'Glendora', 'Pope', 9901800048),
('1RV15IS018', 'Ronny', 'Briggs', 9901800081),
('1RV15IS019', 'Loreen', 'Hale', 9901800032),
('1RV15IS020', 'Aida', 'Potter', 9901800063),
('1RV15IS021', 'Miki', 'Atkins', 9901800000),
('1RV15IS022', 'Robbin', 'Caldwell', 9901800091),
('1RV15IS023', 'Joel', 'Valentine', 9901800082),
('1RV15IS024', 'Candyce', 'Wilkinson', 9901800006),
('1RV15IS025', 'Sallie', 'Joyce', 9901800068),
('1RV15IS026', 'Rashida', 'Soto', 9901800003),
('1RV15IS027', 'Penelope', 'Silva', 9901800035),
('1RV15IS028', 'Darcie', 'Case', 9901800015),
('1RV15IS029', 'Brandon', 'Bush', 9901800071),
('1RV15IS030', 'Jackeline', 'Warner', 9901800076),
('1RV15IS031', 'Adolfo', 'Horne', 9901800086),
('1RV15IS032', 'Reginia', 'Horton', 9901800051),
('1RV15IS033', 'Caleb', 'Kelly', 9901800074),
('1RV15IS034', 'Jc', 'Mooney', 9901800005),
('1RV15IS035', 'Beth', 'Wiggins', 9901800067),
('1RV15IS036', 'Darleen', 'Huynh', 9901800026),
('1RV15IS037', 'Catalina', 'Townsend', 9901800089),
('1RV15IS038', 'Shea', 'Watts', 9901800069),
('1RV15IS039', 'Estefana', 'Andrews', 9901800050),
('1RV15IS040', 'Bryon', 'Huffman', 9901800061),
('1RV15IS041', 'Mindy', 'Hurley', 9901800007),
('1RV15IS042', 'Soo', 'Bullock', 9901800008),
('1RV15IS043', 'Kristeen', 'Haynes', 9901800052),
('1RV15IS044', 'Eliseo', 'Barton', 9901800019),
('1RV15IS045', 'Afton', 'Bentley', 9901800062),
('1RV15IS046', 'Precious', 'Garner', 9901800002),
('1RV15IS047', 'Kala', 'Hopkins', 9901800083),
('1RV15IS048', 'Ellsworth', 'Parsons', 9901800023),
('1RV15IS049', 'Eulah', 'Gray', 9901800027),
('1RV15IS050', 'Monroe', 'Kennedy', 9901800058),
('1RV15IS051', 'Verlie', 'Fernandez', 9901800044),
('1RV15IS052', 'Latosha', 'Owen', 9901800070),
('1RV15IS053', 'Serina', 'Jones', 9901800056),
('1RV15IS054', 'Yon', 'Glover', 9901800046),
('1RV15IS055', 'Evangeline', 'Curry', 9901800012),
('1RV15IS056', 'Roxana', 'Hess', 9901800085),
('1RV15IS057', 'Ron', 'Whitney', 9901800092),
('1RV15IS058', 'Deandre', 'Pena', 9901800020),
('1RV15IS059', 'Tandra', 'Russo', 9901800099),
('1RV15IS060', 'Tessa', 'Jenkins', 9901800009),
('1RV15IS061', 'Milda', 'Larson', 9901800094),
('1RV15IS062', 'Sharon', 'Leon', 9901800039),
('1RV15IS063', 'Lenita', 'Bennett', 9901800073),
('1RV15IS064', 'Lashell', 'Perkins', 9901800030),
('1RV15IS065', 'Jeanne', 'Yoder', 9901800087),
('1RV15IS066', 'Ona', 'Mullen', 9901800004),
('1RV15IS067', 'Shay', 'Floyd', 9901800017),
('1RV15IS068', 'Charlesetta', 'Conrad', 9901800065),
('1RV15IS069', 'Walton', 'Bailey', 9901800040);

-- --------------------------------------------------------

--
-- Table structure for table `course`
--

DROP TABLE IF EXISTS `course`;
CREATE TABLE IF NOT EXISTS `course` (
  `Code` varchar(10) NOT NULL,
  `Name` varchar(40) NOT NULL,
  `timingsid` int(10) DEFAULT NULL,
  `DepartmentNumber` int(11) DEFAULT NULL,
  PRIMARY KEY (`Code`),
  KEY `DepartmentNumber_idx` (`DepartmentNumber`)
) ENGINE=InnoDB DEFAULT CHARSET=utf8;

--
-- Dumping data for table `course`
--

INSERT INTO `course` (`Code`, `Name`, `timingsid`, `DepartmentNumber`) VALUES
('12CS81', 'Major Project', 28, 1),
('12CS82', 'Technical Seminar', 1, 2),
('12DMA37', 'Bridge Course Mathematics I', 2, 3),
('12DMA48', 'Bridge Course Mathematics II', 3, 4),
('12EB42', 'Environment Science and Biology', 4, 5),
('12EM32', 'Engineering Materials ', 5, 5),
('12HSC73', 'Legal Studies', 6, 4),
('12HSI51', 'Intellectual Property Rights', 20, 3),
('12HSM61', 'Management and Org behaviour', 7, 2),
('12HSS47', 'Innovation and Social Skill', 7, 3),
('12HSS83', 'Innovation and Social Skills ', 8, 4),
('12IS33', 'Data Structures in C', 9, 2),
('12IS34', 'Digital Logic Design', 10, 1),
('12IS35', 'Object Oriented Programming', 11, 4),
('12IS36', 'Discrete Mathematics Structures', 12, 2),
('12IS43', 'Theory of Computation', 13, 2),
('12IS44', 'Computer Org and Architecture ', 14, 4),
('12IS45', 'Design and Analysis of Algorithms', 15, 5),
('12IS46', 'Operating Systems ', 16, 3),
('12IS49', 'Unix Systems Programming ', 17, 2),
('12IS52', 'System Software', 21, 1),
('12IS53', 'Microprocessors', 22, 3),
('12IS54', 'Computer Networks ', 28, 5),
('12IS5A1', 'Advanced Algorithms ', 19, 3),
('12IS5A2', 'Soft Computing', 19, 2),
('12IS5A3', 'Compiler Design', 19, 3),
('12IS5A4', 'File Structures', 9, 5),
('12IS5A5', 'Management Info Systems', 8, 4),
('12IS5A6', 'Computer Graphics', 8, 3),
('12IS5B1', 'Graph Theory', 4, 2),
('12IS5B2', 'Information Coding Theory', 4, 1),
('12IS5B3', 'Adv Concepts Operating Systems', 4, 2),
('12IS5B4', 'Network Programming', 27, 3),
('12IS5B5', 'Java and J2ee', 17, 4),
('12IS5B6', 'Natural Language Programming', 17, 5),
('12IS62', 'Software Engineering', 5, 4),
('12IS63', 'Computer Networks and Security', 6, 3),
('12IS64', 'Database Management ', 1, 2),
('12IS65', 'Emerging Technologies', 2, 1),
('12IS6C1', 'Information Security', 3, 2),
('12IS6C2', 'Computer System Performance', 14, 3),
('12IS6C3', 'High Performance Computing', 15, 5),
('12IS6C4', 'Image Processing', 16, 4),
('12IS6C5', 'Software Architecture', 13, 3),
('12IS6D1', 'Information Storage', 13, 2),
('12IS6D2', 'Network Management', 13, 1),
('12IS6D3', 'Pattern Recognition', 26, 2),
('12IS6D4', 'Mobile App Development', 25, 3),
('12IS6D5', 'Enterprise Info Systems', 24, 4),
('12IS71', 'Web Programming', 23, 5),
('12IS72', 'Software Testing', 28, 4),
('12IS74', 'Human Computer Interaction', 27, 3),
('12IS7E1', 'Wireless Sensor Networks', 10, 2),
('12IS7E2', 'Enterprise Architecture', 11, 1),
('12IS7E3', 'Big Data Analytics', 12, 2),
('12IS7E4', 'Cloud Computing ', 26, 3),
('12IS7E5', 'Information Retrieval ', 25, 4),
('12MA31', 'Applied Mathematics III', 24, 5),
('12MA41', 'Math IV', 23, 4);

-- --------------------------------------------------------

--
-- Table structure for table `department`
--

DROP TABLE IF EXISTS `department`;
CREATE TABLE IF NOT EXISTS `department` (
  `DepartmentNumber` int(11) NOT NULL,
  `DepartmentName` varchar(25) DEFAULT NULL,
  `No_of_classroom` int(11) DEFAULT NULL,
  `ClassroomCapacity` int(11) DEFAULT NULL,
  PRIMARY KEY (`DepartmentNumber`)
) ENGINE=InnoDB DEFAULT CHARSET=utf8;

--
-- Dumping data for table `department`
--

INSERT INTO `department` (`DepartmentNumber`, `DepartmentName`, `No_of_classroom`, `ClassroomCapacity`) VALUES
(1, 'Information Science', 10, 20),
(2, 'Computer Science', 10, 20),
(3, 'Aerospace', 10, 20),
(4, 'Electronics and Comm', 10, 20),
(5, 'Electrical', 10, 20);

-- --------------------------------------------------------

--
-- Table structure for table `faculty`
--

DROP TABLE IF EXISTS `faculty`;
CREATE TABLE IF NOT EXISTS `faculty` (
  `FSN` char(10) NOT NULL,
  `DepartmentNumber` int(11) DEFAULT NULL,
  PRIMARY KEY (`FSN`),
  KEY `DprtmtNum_idx` (`DepartmentNumber`)
) ENGINE=InnoDB DEFAULT CHARSET=utf8;

--
-- Dumping data for table `faculty`
--

INSERT INTO `faculty` (`FSN`, `DepartmentNumber`) VALUES
('1RV15IS050', 1),
('1RV15IS051', 1),
('1RV15IS052', 1),
('1RV15IS053', 1),
('1RV15IS054', 1),
('1RV15IS055', 1),
('1RV15IS056', 1),
('1RV15IS057', 1),
('1RV15IS058', 1),
('1RV15IS059', 1),
('1RV15IS060', 1),
('1RV15IS061', 1),
('1RV15IS062', 1),
('1RV15IS063', 1),
('1RV15IS064', 1),
('1RV15IS065', 1),
('1RV15IS066', 1),
('1RV15IS067', 1),
('1RV15IS068', 1),
('1RV15IS069', 1),
('1RV15CS050', 2),
('1RV15CS051', 2),
('1RV15CS052', 2),
('1RV15CS053', 2),
('1RV15CS054', 2),
('1RV15CS055', 2),
('1RV15CS056', 2),
('1RV15CS057', 2),
('1RV15CS058', 2),
('1RV15CS059', 2),
('1RV15CS060', 2),
('1RV15CS061', 2),
('1RV15CS062', 2),
('1RV15CS063', 2),
('1RV15CS064', 2),
('1RV15CS065', 2),
('1RV15CS066', 2),
('1RV15CS067', 2),
('1RV15CS068', 2),
('1RV15CS069', 2),
('1RV15AS050', 3),
('1RV15AS051', 3),
('1RV15AS052', 3),
('1RV15AS053', 3),
('1RV15AS054', 3),
('1RV15AS055', 3),
('1RV15AS056', 3),
('1RV15AS057', 3),
('1RV15AS058', 3),
('1RV15AS059', 3),
('1RV15AS060', 3),
('1RV15AS061', 3),
('1RV15AS062', 3),
('1RV15AS063', 3),
('1RV15AS064', 3),
('1RV15AS065', 3),
('1RV15AS066', 3),
('1RV15AS067', 3),
('1RV15AS068', 3),
('1RV15AS069', 3),
('1RV15EC050', 4),
('1RV15EC051', 4),
('1RV15EC052', 4),
('1RV15EC053', 4),
('1RV15EC054', 4),
('1RV15EC055', 4),
('1RV15EC056', 4),
('1RV15EC057', 4),
('1RV15EC058', 4),
('1RV15EC059', 4),
('1RV15EC060', 4),
('1RV15EC061', 4),
('1RV15EC062', 4),
('1RV15EC063', 4),
('1RV15EC064', 4),
('1RV15EC065', 4),
('1RV15EC066', 4),
('1RV15EC067', 4),
('1RV15EC068', 4),
('1RV15EC069', 4),
('1RV15EE050', 5),
('1RV15EE051', 5),
('1RV15EE052', 5),
('1RV15EE053', 5),
('1RV15EE054', 5),
('1RV15EE055', 5),
('1RV15EE056', 5),
('1RV15EE057', 5),
('1RV15EE058', 5),
('1RV15EE059', 5),
('1RV15EE060', 5),
('1RV15EE061', 5),
('1RV15EE062', 5),
('1RV15EE063', 5),
('1RV15EE064', 5),
('1RV15EE065', 5),
('1RV15EE066', 5),
('1RV15EE067', 5),
('1RV15EE068', 5),
('1RV15EE069', 5);

-- --------------------------------------------------------

--
-- Table structure for table `faculty_auth`
--

DROP TABLE IF EXISTS `faculty_auth`;
CREATE TABLE IF NOT EXISTS `faculty_auth` (
  `f_id` varchar(10) NOT NULL,
  `password` varchar(30) DEFAULT NULL,
  PRIMARY KEY (`f_id`)
) ENGINE=MyISAM DEFAULT CHARSET=latin1;

--
-- Dumping data for table `faculty_auth`
--

INSERT INTO `faculty_auth` (`f_id`, `password`) VALUES
('1RV15IS051', 'user51'),
('1RV15IS050', 'user50'),
('1RV15AS050', 'user50'),
('1RV15AS051', 'user51'),
('1RV15CS050', 'user50'),
('1RV15CS051', 'user51');

-- --------------------------------------------------------

--
-- Table structure for table `faculty_timealloc`
--

DROP TABLE IF EXISTS `faculty_timealloc`;
CREATE TABLE IF NOT EXISTS `faculty_timealloc` (
  `FSN` char(10) NOT NULL,
  `classroomid` int(10) NOT NULL,
  `timingsid` int(11) DEFAULT NULL,
  PRIMARY KEY (`FSN`,`classroomid`),
  KEY `classroomid_idx` (`timingsid`)
) ENGINE=InnoDB DEFAULT CHARSET=utf8;

--
-- Dumping data for table `faculty_timealloc`
--

INSERT INTO `faculty_timealloc` (`FSN`, `classroomid`, `timingsid`) VALUES
('1RV15AS053', 46, 1),
('1RV15AS054', 47, 1),
('1RV15AS058', 48, 1),
('1RV15EC065', 26, 4),
('1RV15EC067', 27, 4),
('1RV15EC069', 27, 4),
('1RV15EE050', 28, 4),
('1RV15EE052', 29, 4),
('1RV15EE055', 30, 4),
('1RV15EE057', 30, 4),
('1RV15EE059', 31, 4),
('1RV15EE061', 32, 4),
('1RV15EE062', 32, 4),
('1RV15EE064', 33, 4),
('1RV15EE067', 34, 4),
('1RV15EE069', 35, 4),
('1RV15IS050', 35, 4),
('1RV15AS051', 45, 5),
('1RV15IS051', 36, 5),
('1RV15IS053', 37, 5),
('1RV15IS056', 38, 5),
('1RV15IS058', 39, 5),
('1RV15IS060', 40, 5),
('1RV15IS063', 41, 5),
('1RV15IS065', 42, 5),
('1RV15IS067', 43, 5),
('1RV15IS069', 44, 5),
('1RV15AS050', 45, 6),
('1RV15AS052', 46, 6),
('1RV15AS055', 47, 6),
('1RV15AS056', 48, 6),
('1RV15IS062', 41, 6),
('1RV15IS064', 42, 6),
('1RV15IS066', 43, 6),
('1RV15IS068', 44, 6),
('1RV15AS051', 1, 7),
('1RV15AS052', 2, 7),
('1RV15AS054', 3, 7),
('1RV15AS056', 4, 7),
('1RV15AS058', 5, 7),
('1RV15AS061', 6, 7),
('1RV15AS063', 7, 7),
('1RV15AS065', 8, 7),
('1RV15AS066', 9, 7),
('1RV15AS069', 10, 7),
('1RV15EC059', 24, 8),
('1RV15EC064', 25, 8),
('1RV15EE053', 29, 8),
('1RV15EE056', 30, 8),
('1RV15EC052', 21, 9),
('1RV15EC054', 22, 9),
('1RV15EC057', 23, 9),
('1RV15EC062', 24, 9),
('1RV15EC066', 26, 9),
('1RV15EC068', 27, 9),
('1RV15EE051', 28, 9),
('1RV15EE054', 29, 9),
('1RV15AS057', 48, 12),
('1RV15AS059', 49, 12),
('1RV15AS060', 50, 12),
('1RV15EE058', 31, 17),
('1RV15EE060', 32, 17),
('1RV15EE063', 33, 17),
('1RV15EE065', 33, 17),
('1RV15EE066', 34, 17),
('1RV15EE068', 35, 17),
('1RV15IS052', 36, 17),
('1RV15IS054', 37, 17),
('1RV15IS055', 38, 17),
('1RV15IS057', 38, 17),
('1RV15IS059', 39, 17),
('1RV15IS061', 40, 17),
('1RV15CS060', 16, 19),
('1RV15CS063', 17, 19),
('1RV15CS064', 17, 19),
('1RV15CS065', 18, 19),
('1RV15CS068', 19, 19),
('1RV15CS069', 19, 19),
('1RV15EC050', 20, 19),
('1RV15EC053', 21, 19),
('1RV15EC055', 22, 19),
('1RV15EC056', 22, 19),
('1RV15EC058', 23, 19),
('1RV15EC060', 24, 19),
('1RV15EC061', 24, 19),
('1RV15EC063', 25, 19),
('1RV15AS050', 1, 20),
('1RV15AS053', 2, 20),
('1RV15AS055', 3, 20),
('1RV15AS057', 4, 20),
('1RV15AS059', 5, 20),
('1RV15AS060', 6, 21),
('1RV15AS062', 7, 21),
('1RV15AS064', 8, 21),
('1RV15AS067', 9, 21),
('1RV15AS068', 10, 21),
('1RV15CS051', 11, 21),
('1RV15CS053', 12, 21),
('1RV15CS055', 13, 21),
('1RV15CS057', 14, 21),
('1RV15CS059', 15, 21),
('1RV15CS050', 11, 22),
('1RV15CS052', 12, 22),
('1RV15CS054', 13, 22),
('1RV15CS056', 14, 22),
('1RV15CS058', 15, 22),
('1RV15CS061', 16, 22),
('1RV15CS062', 17, 22),
('1RV15CS066', 18, 22),
('1RV15CS067', 19, 22),
('1RV15EC051', 20, 22);

-- --------------------------------------------------------

--
-- Table structure for table `seat_alloc`
--

DROP TABLE IF EXISTS `seat_alloc`;
CREATE TABLE IF NOT EXISTS `seat_alloc` (
  `classroomid` int(11) NOT NULL,
  `seatnumber` int(11) NOT NULL,
  `USN` char(10) NOT NULL,
  `coursecode` varchar(10) DEFAULT NULL,
  `seat_allocid` int(11) DEFAULT NULL,
  PRIMARY KEY (`classroomid`,`seatnumber`),
  KEY `stid_idx` (`USN`),
  KEY `coursecodee_idx` (`coursecode`)
) ENGINE=InnoDB DEFAULT CHARSET=utf8;

--
-- Dumping data for table `seat_alloc`
--

INSERT INTO `seat_alloc` (`classroomid`, `seatnumber`, `USN`, `coursecode`, `seat_allocid`) VALUES
(1, 1, '1RV15IS000', '12HSI51', 1),
(1, 2, '1RV15CS000', '12HSM61', 2),
(1, 3, '1RV15IS001', '12HSI51', 3),
(1, 4, '1RV15CS001', '12HSM61', 4),
(1, 5, '1RV15IS002', '12HSI51', 5),
(1, 6, '1RV15CS002', '12HSM61', 6),
(1, 7, '1RV15IS003', '12HSI51', 7),
(1, 8, '1RV15CS003', '12HSM61', 8),
(1, 9, '1RV15IS004', '12HSI51', 9),
(1, 10, '1RV15CS004', '12HSM61', 10),
(1, 11, '1RV15IS005', '12HSI51', 11),
(1, 12, '1RV15CS005', '12HSM61', 12),
(1, 13, '1RV15IS006', '12HSI51', 13),
(1, 14, '1RV15CS006', '12HSM61', 14),
(1, 15, '1RV15IS007', '12HSI51', 15),
(1, 16, '1RV15CS007', '12HSM61', 16),
(1, 17, '1RV15IS008', '12HSI51', 17),
(1, 18, '1RV15CS008', '12HSM61', 18),
(1, 19, '1RV15IS009', '12HSI51', 19),
(1, 20, '1RV15CS009', '12HSM61', 20),
(2, 1, '1RV15IS010', '12HSI51', 21),
(2, 2, '1RV15CS010', '12HSM61', 22),
(2, 3, '1RV15IS011', '12HSI51', 23),
(2, 4, '1RV15CS011', '12HSM61', 24),
(2, 5, '1RV15IS012', '12HSI51', 25),
(2, 6, '1RV15CS012', '12HSM61', 26),
(2, 7, '1RV15IS013', '12HSI51', 27),
(2, 8, '1RV15CS013', '12HSM61', 28),
(2, 9, '1RV15IS014', '12HSI51', 29),
(2, 10, '1RV15CS014', '12HSM61', 30),
(2, 11, '1RV15IS015', '12HSI51', 31),
(2, 12, '1RV15CS015', '12HSM61', 32),
(2, 13, '1RV15IS016', '12HSI51', 33),
(2, 14, '1RV15CS016', '12HSM61', 34),
(2, 15, '1RV15IS017', '12HSI51', 35),
(2, 16, '1RV15CS017', '12HSM61', 36),
(2, 17, '1RV15IS018', '12HSI51', 37),
(2, 18, '1RV15CS018', '12HSM61', 38),
(2, 19, '1RV15IS019', '12HSI51', 39),
(2, 20, '1RV15CS019', '12HSM61', 40),
(3, 1, '1RV15IS020', '12HSI51', 41),
(3, 2, '1RV15CS020', '12HSM61', 42),
(3, 3, '1RV15IS021', '12HSI51', 43),
(3, 4, '1RV15CS021', '12HSM61', 44),
(3, 5, '1RV15IS022', '12HSI51', 45),
(3, 6, '1RV15CS022', '12HSM61', 46),
(3, 7, '1RV15IS023', '12HSI51', 47),
(3, 8, '1RV15CS023', '12HSM61', 48),
(3, 9, '1RV15IS024', '12HSI51', 49),
(3, 10, '1RV15CS024', '12HSM61', 50),
(3, 11, '1RV15IS025', '12HSI51', 51),
(3, 12, '1RV15CS025', '12HSM61', 52),
(3, 13, '1RV15IS026', '12HSI51', 53),
(3, 14, '1RV15CS026', '12HSM61', 54),
(3, 15, '1RV15IS027', '12HSI51', 55),
(3, 16, '1RV15CS027', '12HSM61', 56),
(3, 17, '1RV15IS028', '12HSI51', 57),
(3, 18, '1RV15CS028', '12HSM61', 58),
(3, 19, '1RV15IS029', '12HSI51', 59),
(3, 20, '1RV15CS029', '12HSM61', 60),
(4, 1, '1RV15IS030', '12HSI51', 61),
(4, 2, '1RV15CS030', '12HSM61', 62),
(4, 3, '1RV15IS031', '12HSI51', 63),
(4, 4, '1RV15CS031', '12HSM61', 64),
(4, 5, '1RV15IS032', '12HSI51', 65),
(4, 6, '1RV15CS032', '12HSM61', 66),
(4, 7, '1RV15IS033', '12HSI51', 67),
(4, 8, '1RV15CS033', '12HSM61', 68),
(4, 9, '1RV15IS034', '12HSI51', 69),
(4, 10, '1RV15CS034', '12HSM61', 70),
(4, 11, '1RV15IS035', '12HSI51', 71),
(4, 12, '1RV15CS035', '12HSM61', 72),
(4, 13, '1RV15IS036', '12HSI51', 73),
(4, 14, '1RV15CS036', '12HSM61', 74),
(4, 15, '1RV15IS037', '12HSI51', 75),
(4, 16, '1RV15CS037', '12HSM61', 76),
(4, 17, '1RV15IS038', '12HSI51', 77),
(4, 18, '1RV15CS038', '12HSM61', 78),
(4, 19, '1RV15IS039', '12HSI51', 79),
(4, 20, '1RV15CS039', '12HSM61', 80),
(5, 1, '1RV15IS040', '12HSI51', 81),
(5, 2, '1RV15CS040', '12HSM61', 82),
(5, 3, '1RV15IS041', '12HSI51', 83),
(5, 4, '1RV15CS041', '12HSM61', 84),
(5, 5, '1RV15IS042', '12HSI51', 85),
(5, 6, '1RV15CS042', '12HSM61', 86),
(5, 7, '1RV15IS043', '12HSI51', 87),
(5, 8, '1RV15CS043', '12HSM61', 88),
(5, 9, '1RV15IS044', '12HSI51', 89),
(5, 10, '1RV15CS044', '12HSM61', 90),
(5, 11, '1RV15IS045', '12HSI51', 91),
(5, 12, '1RV15CS045', '12HSM61', 92),
(5, 13, '1RV15IS046', '12HSI51', 93),
(5, 14, '1RV15CS046', '12HSM61', 94),
(5, 15, '1RV15IS047', '12HSI51', 95),
(5, 16, '1RV15CS047', '12HSM61', 96),
(5, 17, '1RV15IS048', '12HSI51', 97),
(5, 18, '1RV15CS048', '12HSM61', 98),
(5, 19, '1RV15IS049', '12HSI51', 99),
(5, 20, '1RV15CS049', '12HSM61', 100),
(6, 1, '1RV15IS000', '12IS53', 101),
(6, 2, '1RV15CS000', '12IS5A4', 102),
(6, 3, '1RV15IS001', '12IS53', 103),
(6, 4, '1RV15CS001', '12IS5A4', 104),
(6, 5, '1RV15IS002', '12IS53', 105),
(6, 6, '1RV15CS002', '12IS5A4', 106),
(6, 7, '1RV15IS003', '12IS53', 107),
(6, 8, '1RV15CS003', '12IS5A4', 108),
(6, 9, '1RV15IS004', '12IS53', 109),
(6, 10, '1RV15CS004', '12IS5A4', 110),
(6, 11, '1RV15IS005', '12IS53', 111),
(6, 12, '1RV15CS005', '12IS5A4', 112),
(6, 13, '1RV15IS006', '12IS53', 113),
(6, 14, '1RV15CS006', '12IS5A4', 114),
(6, 15, '1RV15IS007', '12IS53', 115),
(6, 16, '1RV15CS007', '12IS5A4', 116),
(6, 17, '1RV15IS008', '12IS53', 117),
(6, 18, '1RV15CS008', '12IS5A4', 118),
(6, 19, '1RV15IS009', '12IS53', 119),
(6, 20, '1RV15CS009', '12IS5A4', 120),
(7, 1, '1RV15IS010', '12IS53', 121),
(7, 2, '1RV15CS010', '12IS5A4', 122),
(7, 3, '1RV15IS011', '12IS53', 123),
(7, 4, '1RV15CS011', '12IS5A4', 124),
(7, 5, '1RV15IS012', '12IS53', 125),
(7, 6, '1RV15CS012', '12IS5A4', 126),
(7, 7, '1RV15IS013', '12IS53', 127),
(7, 8, '1RV15CS013', '12IS5A4', 128),
(7, 9, '1RV15IS014', '12IS53', 129),
(7, 10, '1RV15CS014', '12IS5A4', 130),
(7, 11, '1RV15IS015', '12IS53', 131),
(7, 12, '1RV15CS015', '12IS5A4', 132),
(7, 13, '1RV15IS016', '12IS53', 133),
(7, 14, '1RV15CS016', '12IS5A4', 134),
(7, 15, '1RV15IS017', '12IS53', 135),
(7, 16, '1RV15CS017', '12IS5A4', 136),
(7, 17, '1RV15IS018', '12IS53', 137),
(7, 18, '1RV15CS018', '12IS5A4', 138),
(7, 19, '1RV15IS019', '12IS53', 139),
(7, 20, '1RV15CS019', '12IS5A4', 140),
(8, 1, '1RV15IS020', '12IS53', 141),
(8, 2, '1RV15CS020', '12IS5A4', 142),
(8, 3, '1RV15IS021', '12IS53', 143),
(8, 4, '1RV15CS021', '12IS5A4', 144),
(8, 5, '1RV15IS022', '12IS53', 145),
(8, 6, '1RV15CS022', '12IS5A4', 146),
(8, 7, '1RV15IS023', '12IS53', 147),
(8, 8, '1RV15CS023', '12IS5A4', 148),
(8, 9, '1RV15IS024', '12IS53', 149),
(8, 10, '1RV15CS024', '12IS5A4', 150),
(8, 11, '1RV15IS025', '12IS53', 151),
(8, 12, '1RV15CS025', '12IS5A4', 152),
(8, 13, '1RV15IS026', '12IS53', 153),
(8, 14, '1RV15CS026', '12IS5A4', 154),
(8, 15, '1RV15IS027', '12IS53', 155),
(8, 16, '1RV15CS027', '12IS5A4', 156),
(8, 17, '1RV15IS028', '12IS53', 157),
(8, 18, '1RV15CS028', '12IS5A4', 158),
(8, 19, '1RV15IS029', '12IS53', 159),
(8, 20, '1RV15CS029', '12IS5A4', 160),
(9, 1, '1RV15IS030', '12IS53', 161),
(9, 2, '1RV15CS030', '12IS5A4', 162),
(9, 3, '1RV15IS031', '12IS53', 163),
(9, 4, '1RV15CS031', '12IS5A4', 164),
(9, 5, '1RV15IS032', '12IS53', 165),
(9, 6, '1RV15CS032', '12IS5A4', 166),
(9, 7, '1RV15IS033', '12IS53', 167),
(9, 8, '1RV15CS033', '12IS5A5', 168),
(9, 9, '1RV15IS034', '12IS53', 169),
(9, 10, '1RV15CS034', '12IS5A5', 170),
(9, 11, '1RV15IS035', '12IS53', 171),
(9, 12, '1RV15CS035', '12IS5A5', 172),
(9, 13, '1RV15IS036', '12IS53', 173),
(9, 14, '1RV15CS036', '12IS5A5', 174),
(9, 15, '1RV15IS037', '12IS53', 175),
(9, 16, '1RV15CS037', '12IS5A5', 176),
(9, 17, '1RV15IS038', '12IS53', 177),
(9, 18, '1RV15CS038', '12IS5A5', 178),
(9, 19, '1RV15IS039', '12IS53', 179),
(9, 20, '1RV15CS039', '12IS5A5', 180),
(10, 1, '1RV15IS040', '12IS53', 181),
(10, 2, '1RV15CS040', '12IS5A5', 182),
(10, 3, '1RV15IS041', '12IS53', 183),
(10, 4, '1RV15CS041', '12IS5A5', 184),
(10, 5, '1RV15IS042', '12IS53', 185),
(10, 6, '1RV15CS042', '12IS5A5', 186),
(10, 7, '1RV15IS043', '12IS53', 187),
(10, 8, '1RV15CS043', '12IS5A5', 188),
(10, 9, '1RV15IS044', '12IS53', 189),
(10, 10, '1RV15CS044', '12IS5A5', 190),
(10, 11, '1RV15IS045', '12IS53', 191),
(10, 12, '1RV15CS045', '12IS5A5', 192),
(10, 13, '1RV15IS046', '12IS53', 193),
(10, 14, '1RV15CS046', '12IS5A5', 194),
(10, 15, '1RV15IS047', '12IS53', 195),
(10, 16, '1RV15CS047', '12IS5A5', 196),
(10, 17, '1RV15IS048', '12IS53', 197),
(10, 18, '1RV15CS048', '12IS5A5', 198),
(10, 19, '1RV15IS049', '12IS53', 199),
(10, 20, '1RV15CS049', '12IS5A5', 200),
(11, 1, '1RV15IS000', '12IS5A1', 201),
(11, 2, '1RV15AS000', '12IS5B1', 202),
(11, 3, '1RV15IS001', '12IS5A1', 203),
(11, 4, '1RV15AS001', '12IS5B1', 204),
(11, 5, '1RV15IS002', '12IS5A1', 205),
(11, 6, '1RV15AS002', '12IS5B1', 206),
(11, 7, '1RV15IS003', '12IS5A1', 207),
(11, 8, '1RV15AS003', '12IS5B1', 208),
(11, 9, '1RV15IS004', '12IS5A1', 209),
(11, 10, '1RV15AS004', '12IS5B1', 210),
(11, 11, '1RV15IS005', '12IS5A1', 211),
(11, 12, '1RV15AS005', '12IS5B1', 212),
(11, 13, '1RV15IS006', '12IS5A1', 213),
(11, 14, '1RV15AS006', '12IS5B1', 214),
(11, 15, '1RV15IS007', '12IS5A1', 215),
(11, 16, '1RV15AS007', '12IS5B1', 216),
(11, 17, '1RV15IS008', '12IS5A1', 217),
(11, 18, '1RV15AS008', '12IS5B1', 218),
(11, 19, '1RV15IS009', '12IS5A1', 219),
(11, 20, '1RV15AS009', '12IS5B1', 220),
(12, 1, '1RV15IS010', '12IS5A1', 221),
(12, 2, '1RV15AS010', '12IS5B1', 222),
(12, 3, '1RV15IS011', '12IS5A1', 223),
(12, 4, '1RV15AS011', '12IS5B1', 224),
(12, 5, '1RV15IS012', '12IS5A1', 225),
(12, 6, '1RV15AS012', '12IS5B1', 226),
(12, 7, '1RV15IS013', '12IS5A1', 227),
(12, 8, '1RV15AS013', '12IS5B1', 228),
(12, 9, '1RV15IS014', '12IS5A1', 229),
(12, 10, '1RV15AS014', '12IS5B1', 230),
(12, 11, '1RV15IS015', '12IS5A1', 231),
(12, 12, '1RV15AS015', '12IS5B1', 232),
(12, 13, '1RV15IS016', '12IS5A2', 233),
(12, 14, '1RV15AS016', '12IS5B2', 234),
(12, 15, '1RV15IS017', '12IS5A2', 235),
(12, 16, '1RV15AS017', '12IS5B2', 236),
(12, 17, '1RV15IS018', '12IS5A2', 237),
(12, 18, '1RV15AS018', '12IS5B2', 238),
(12, 19, '1RV15IS019', '12IS5A2', 239),
(12, 20, '1RV15AS019', '12IS5B2', 240),
(13, 1, '1RV15IS020', '12IS5A2', 241),
(13, 2, '1RV15AS020', '12IS5B2', 242),
(13, 3, '1RV15IS021', '12IS5A2', 243),
(13, 4, '1RV15AS021', '12IS5B2', 244),
(13, 5, '1RV15IS022', '12IS5A2', 245),
(13, 6, '1RV15AS022', '12IS5B2', 246),
(13, 7, '1RV15IS023', '12IS5A2', 247),
(13, 8, '1RV15AS023', '12IS5B2', 248),
(13, 9, '1RV15IS024', '12IS5A2', 249),
(13, 10, '1RV15AS024', '12IS5B2', 250),
(13, 11, '1RV15IS025', '12IS5A2', 251),
(13, 12, '1RV15AS025', '12IS5B2', 252),
(13, 13, '1RV15IS026', '12IS5A2', 253),
(13, 14, '1RV15AS026', '12IS5B2', 254),
(13, 15, '1RV15IS027', '12IS5A2', 255),
(13, 16, '1RV15AS027', '12IS5B2', 256),
(13, 17, '1RV15IS028', '12IS5A2', 257),
(13, 18, '1RV15AS028', '12IS5B2', 258),
(13, 19, '1RV15IS029', '12IS5A2', 259),
(13, 20, '1RV15AS029', '12IS5B2', 260),
(14, 1, '1RV15IS030', '12IS5A2', 261),
(14, 2, '1RV15AS030', '12IS5B2', 262),
(14, 3, '1RV15IS031', '12IS5A2', 263),
(14, 4, '1RV15AS031', '12IS5B2', 264),
(14, 5, '1RV15IS032', '12IS5A2', 265),
(14, 6, '1RV15AS032', '12IS5B2', 266),
(14, 7, '1RV15IS033', '12IS5A2', 267),
(14, 8, '1RV15AS033', '12IS5B2', 268),
(14, 9, '1RV15IS034', '12IS5A2', 269),
(14, 10, '1RV15AS034', '12IS5B2', 270),
(14, 11, '1RV15IS035', '12IS5A2', 271),
(14, 12, '1RV15AS035', '12IS5B2', 272),
(14, 13, '1RV15IS036', '12IS5A2', 273),
(14, 14, '1RV15AS036', '12IS5B2', 274),
(14, 15, '1RV15IS037', '12IS5A3', 275),
(14, 16, '1RV15AS037', '12IS5B2', 276),
(14, 17, '1RV15IS038', '12IS5A3', 277),
(14, 18, '1RV15AS038', '12IS5B2', 278),
(14, 19, '1RV15IS039', '12IS5A3', 279),
(14, 20, '1RV15AS039', '12IS5B2', 280),
(15, 1, '1RV15IS040', '12IS5A3', 281),
(15, 2, '1RV15AS040', '12IS5B2', 282),
(15, 3, '1RV15IS041', '12IS5A3', 283),
(15, 4, '1RV15AS041', '12IS5B3', 284),
(15, 5, '1RV15IS042', '12IS5A3', 285),
(15, 6, '1RV15AS042', '12IS5B3', 286),
(15, 7, '1RV15IS043', '12IS5A3', 287),
(15, 8, '1RV15AS043', '12IS5B3', 288),
(15, 9, '1RV15IS044', '12IS5A3', 289),
(15, 10, '1RV15AS044', '12IS5B3', 290),
(15, 11, '1RV15IS045', '12IS5A3', 291),
(15, 12, '1RV15AS045', '12IS5B3', 292),
(15, 13, '1RV15IS046', '12IS5A3', 293),
(15, 14, '1RV15AS046', '12IS5B3', 294),
(15, 15, '1RV15IS047', '12IS5A3', 295),
(15, 16, '1RV15AS047', '12IS5B3', 296),
(15, 17, '1RV15IS048', '12IS5A3', 297),
(15, 18, '1RV15AS048', '12IS5B3', 298),
(15, 19, '1RV15IS049', '12IS5A3', 299),
(15, 20, '1RV15AS049', '12IS5B3', 300),
(16, 1, '1RV15EE000', '12IS5B5', 301),
(16, 2, '1RV15CS000', '12IS62', 302),
(16, 3, '1RV15EE001', '12IS5B5', 303),
(16, 4, '1RV15CS001', '12IS62', 304),
(16, 5, '1RV15EE002', '12IS5B5', 305),
(16, 6, '1RV15CS002', '12IS62', 306),
(16, 7, '1RV15EE003', '12IS5B5', 307),
(16, 8, '1RV15CS003', '12IS62', 308),
(16, 9, '1RV15EE004', '12IS5B5', 309),
(16, 10, '1RV15CS004', '12IS62', 310),
(16, 11, '1RV15EE005', '12IS5B5', 311),
(16, 12, '1RV15CS005', '12IS62', 312),
(16, 13, '1RV15EE006', '12IS5B5', 313),
(16, 14, '1RV15CS006', '12IS62', 314),
(16, 15, '1RV15EE007', '12IS5B5', 315),
(16, 16, '1RV15CS007', '12IS62', 316),
(16, 17, '1RV15EE008', '12IS5B5', 317),
(16, 18, '1RV15CS008', '12IS62', 318),
(16, 19, '1RV15EE009', '12IS5B5', 319),
(16, 20, '1RV15CS009', '12IS62', 320),
(17, 1, '1RV15EE010', '12IS5B5', 321),
(17, 2, '1RV15CS010', '12IS62', 322),
(17, 3, '1RV15EE011', '12IS5B5', 323),
(17, 4, '1RV15CS011', '12IS62', 324),
(17, 5, '1RV15EE012', '12IS5B5', 325),
(17, 6, '1RV15CS012', '12IS62', 326),
(17, 7, '1RV15EE013', '12IS5B5', 327),
(17, 8, '1RV15CS013', '12IS62', 328),
(17, 9, '1RV15EE014', '12IS5B5', 329),
(17, 10, '1RV15CS014', '12IS62', 330),
(17, 11, '1RV15EE015', '12IS5B5', 331),
(17, 12, '1RV15CS015', '12IS62', 332),
(17, 13, '1RV15EE016', '12IS5B5', 333),
(17, 14, '1RV15CS016', '12IS62', 334),
(17, 15, '1RV15EE017', '12IS5B5', 335),
(17, 16, '1RV15CS017', '12IS62', 336),
(17, 17, '1RV15EE018', '12IS5B5', 337),
(17, 18, '1RV15CS018', '12IS62', 338),
(17, 19, '1RV15EE019', '12IS5B5', 339),
(17, 20, '1RV15CS019', '12IS62', 340),
(18, 1, '1RV15EE020', '12IS5B5', 341),
(18, 2, '1RV15CS020', '12IS62', 342),
(18, 3, '1RV15EE021', '12IS5B5', 343),
(18, 4, '1RV15CS021', '12IS62', 344),
(18, 5, '1RV15EE022', '12IS5B5', 345),
(18, 6, '1RV15CS022', '12IS62', 346),
(18, 7, '1RV15EE023', '12IS5B5', 347),
(18, 8, '1RV15CS023', '12IS62', 348),
(18, 9, '1RV15EE024', '12IS5B5', 349),
(18, 10, '1RV15CS024', '12IS62', 350),
(18, 11, '1RV15EE025', '12IS5B6', 351),
(18, 12, '1RV15CS025', '12IS62', 352),
(18, 13, '1RV15EE026', '12IS5B6', 353),
(18, 14, '1RV15CS026', '12IS62', 354),
(18, 15, '1RV15EE027', '12IS5B6', 355),
(18, 16, '1RV15CS027', '12IS62', 356),
(18, 17, '1RV15EE028', '12IS5B6', 357),
(18, 18, '1RV15CS028', '12IS62', 358),
(18, 19, '1RV15EE029', '12IS5B6', 359),
(18, 20, '1RV15CS029', '12IS62', 360),
(19, 1, '1RV15EE030', '12IS5B6', 361),
(19, 2, '1RV15CS030', '12IS62', 362),
(19, 3, '1RV15EE031', '12IS5B6', 363),
(19, 4, '1RV15CS031', '12IS62', 364),
(19, 5, '1RV15EE032', '12IS5B6', 365),
(19, 6, '1RV15CS032', '12IS62', 366),
(19, 7, '1RV15EE033', '12IS5B6', 367),
(19, 8, '1RV15CS033', '12IS62', 368),
(19, 9, '1RV15EE034', '12IS5B6', 369),
(19, 10, '1RV15CS034', '12IS62', 370),
(19, 11, '1RV15EE035', '12IS5B6', 371),
(19, 12, '1RV15CS035', '12IS62', 372),
(19, 13, '1RV15EE036', '12IS5B6', 373),
(19, 14, '1RV15CS036', '12IS62', 374),
(19, 15, '1RV15EE037', '12IS5B6', 375),
(19, 16, '1RV15CS037', '12IS62', 376),
(19, 17, '1RV15EE038', '12IS5B6', 377),
(19, 18, '1RV15CS038', '12IS62', 378),
(19, 19, '1RV15EE039', '12IS5B6', 379),
(19, 20, '1RV15CS039', '12IS62', 380),
(20, 1, '1RV15EE040', '12IS5B6', 381),
(20, 2, '1RV15CS040', '12IS62', 382),
(20, 3, '1RV15EE041', '12IS5B6', 383),
(20, 4, '1RV15CS041', '12IS62', 384),
(20, 5, '1RV15EE042', '12IS5B6', 385),
(20, 6, '1RV15CS042', '12IS62', 386),
(20, 7, '1RV15EE043', '12IS5B6', 387),
(20, 8, '1RV15CS043', '12IS62', 388),
(20, 9, '1RV15EE044', '12IS5B6', 389),
(20, 10, '1RV15CS044', '12IS62', 390),
(20, 11, '1RV15EE045', '12IS5B6', 391),
(20, 12, '1RV15CS045', '12IS62', 392),
(20, 13, '1RV15EE046', '12IS5B6', 393),
(20, 14, '1RV15CS046', '12IS62', 394),
(20, 15, '1RV15EE047', '12IS5B6', 395),
(20, 16, '1RV15CS047', '12IS62', 396),
(20, 17, '1RV15EE048', '12IS5B6', 397),
(20, 18, '1RV15CS048', '12IS62', 398),
(20, 19, '1RV15EE049', '12IS5B6', 399),
(20, 20, '1RV15CS049', '12IS62', 400),
(21, 1, '1RV15IS000', '12IS63', 401),
(21, 2, '1RV15AS000', '12IS64', 402),
(21, 3, '1RV15IS001', '12IS63', 403),
(21, 4, '1RV15AS001', '12IS64', 404),
(21, 5, '1RV15IS002', '12IS63', 405),
(21, 6, '1RV15AS002', '12IS64', 406),
(21, 7, '1RV15IS003', '12IS63', 407),
(21, 8, '1RV15AS003', '12IS64', 408),
(21, 9, '1RV15IS004', '12IS63', 409),
(21, 10, '1RV15AS004', '12IS64', 410),
(21, 11, '1RV15IS005', '12IS63', 411),
(21, 12, '1RV15AS005', '12IS64', 412),
(21, 13, '1RV15IS006', '12IS63', 413),
(21, 14, '1RV15AS006', '12IS64', 414),
(21, 15, '1RV15IS007', '12IS63', 415),
(21, 16, '1RV15AS007', '12IS64', 416),
(21, 17, '1RV15IS008', '12IS63', 417),
(21, 18, '1RV15AS008', '12IS64', 418),
(21, 19, '1RV15IS009', '12IS63', 419),
(21, 20, '1RV15AS009', '12IS64', 420),
(22, 1, '1RV15IS010', '12IS63', 421),
(22, 2, '1RV15AS010', '12IS64', 422),
(22, 3, '1RV15IS011', '12IS63', 423),
(22, 4, '1RV15AS011', '12IS64', 424),
(22, 5, '1RV15IS012', '12IS63', 425),
(22, 6, '1RV15AS012', '12IS64', 426),
(22, 7, '1RV15IS013', '12IS63', 427),
(22, 8, '1RV15AS013', '12IS64', 428),
(22, 9, '1RV15IS014', '12IS63', 429),
(22, 10, '1RV15AS014', '12IS64', 430),
(22, 11, '1RV15IS015', '12IS63', 431),
(22, 12, '1RV15AS015', '12IS64', 432),
(22, 13, '1RV15IS016', '12IS63', 433),
(22, 14, '1RV15AS016', '12IS64', 434),
(22, 15, '1RV15IS017', '12IS63', 435),
(22, 16, '1RV15AS017', '12IS64', 436),
(22, 17, '1RV15IS018', '12IS63', 437),
(22, 18, '1RV15AS018', '12IS64', 438),
(22, 19, '1RV15IS019', '12IS63', 439),
(22, 20, '1RV15AS019', '12IS64', 440),
(23, 1, '1RV15IS020', '12IS63', 441),
(23, 2, '1RV15AS020', '12IS64', 442),
(23, 3, '1RV15IS021', '12IS63', 443),
(23, 4, '1RV15AS021', '12IS64', 444),
(23, 5, '1RV15IS022', '12IS63', 445),
(23, 6, '1RV15AS022', '12IS64', 446),
(23, 7, '1RV15IS023', '12IS63', 447),
(23, 8, '1RV15AS023', '12IS64', 448),
(23, 9, '1RV15IS024', '12IS63', 449),
(23, 10, '1RV15AS024', '12IS64', 450),
(23, 11, '1RV15IS025', '12IS63', 451),
(23, 12, '1RV15AS025', '12IS64', 452),
(23, 13, '1RV15IS026', '12IS63', 453),
(23, 14, '1RV15AS026', '12IS64', 454),
(23, 15, '1RV15IS027', '12IS63', 455),
(23, 16, '1RV15AS027', '12IS64', 456),
(23, 17, '1RV15IS028', '12IS63', 457),
(23, 18, '1RV15AS028', '12IS64', 458),
(23, 19, '1RV15IS029', '12IS63', 459),
(23, 20, '1RV15AS029', '12IS64', 460),
(24, 1, '1RV15IS030', '12IS63', 461),
(24, 2, '1RV15AS030', '12IS64', 462),
(24, 3, '1RV15IS031', '12IS63', 463),
(24, 4, '1RV15AS031', '12IS64', 464),
(24, 5, '1RV15IS032', '12IS63', 465),
(24, 6, '1RV15AS032', '12IS64', 466),
(24, 7, '1RV15IS033', '12IS63', 467),
(24, 8, '1RV15AS033', '12IS64', 468),
(24, 9, '1RV15IS034', '12IS63', 469),
(24, 10, '1RV15AS034', '12IS64', 470),
(24, 11, '1RV15IS035', '12IS63', 471),
(24, 12, '1RV15AS035', '12IS64', 472),
(24, 13, '1RV15IS036', '12IS63', 473),
(24, 14, '1RV15AS036', '12IS64', 474),
(24, 15, '1RV15IS037', '12IS63', 475),
(24, 16, '1RV15AS037', '12IS64', 476),
(24, 17, '1RV15IS038', '12IS63', 477),
(24, 18, '1RV15AS038', '12IS64', 478),
(24, 19, '1RV15IS039', '12IS63', 479),
(24, 20, '1RV15AS039', '12IS64', 480),
(25, 1, '1RV15IS040', '12IS63', 481),
(25, 2, '1RV15AS040', '12IS64', 482),
(25, 3, '1RV15IS041', '12IS63', 483),
(25, 4, '1RV15AS041', '12IS64', 484),
(25, 5, '1RV15IS042', '12IS63', 485),
(25, 6, '1RV15AS042', '12IS64', 486),
(25, 7, '1RV15IS043', '12IS63', 487),
(25, 8, '1RV15AS043', '12IS64', 488),
(25, 9, '1RV15IS044', '12IS63', 489),
(25, 10, '1RV15AS044', '12IS64', 490),
(25, 11, '1RV15IS045', '12IS63', 491),
(25, 12, '1RV15AS045', '12IS64', 492),
(25, 13, '1RV15IS046', '12IS63', 493),
(25, 14, '1RV15AS046', '12IS64', 494),
(25, 15, '1RV15IS047', '12IS63', 495),
(25, 16, '1RV15AS047', '12IS64', 496),
(25, 17, '1RV15IS048', '12IS63', 497),
(25, 18, '1RV15AS048', '12IS64', 498),
(25, 19, '1RV15IS049', '12IS63', 499),
(25, 20, '1RV15AS049', '12IS64', 500),
(26, 1, '1RV15AS000', '12IS65', 501),
(26, 2, '1RV15EE000', '12IS6C2', 502),
(26, 3, '1RV15AS001', '12IS65', 503),
(26, 4, '1RV15EE001', '12IS6C2', 504),
(26, 5, '1RV15AS002', '12IS65', 505),
(26, 6, '1RV15EE002', '12IS6C2', 506),
(26, 7, '1RV15AS003', '12IS65', 507),
(26, 8, '1RV15EE003', '12IS6C2', 508),
(26, 9, '1RV15AS004', '12IS65', 509),
(26, 10, '1RV15EE004', '12IS6C2', 510),
(26, 11, '1RV15AS005', '12IS65', 511),
(26, 12, '1RV15EE005', '12IS6C2', 512),
(26, 13, '1RV15AS006', '12IS65', 513),
(26, 14, '1RV15EE006', '12IS6C2', 514),
(26, 15, '1RV15AS007', '12IS65', 515),
(26, 16, '1RV15EE007', '12IS6C2', 516),
(26, 17, '1RV15AS008', '12IS65', 517),
(26, 18, '1RV15EE008', '12IS6C2', 518),
(26, 19, '1RV15AS009', '12IS65', 519),
(26, 20, '1RV15EE009', '12IS6C2', 520),
(27, 1, '1RV15AS010', '12IS65', 521),
(27, 2, '1RV15EE010', '12IS6C2', 522),
(27, 3, '1RV15AS011', '12IS65', 523),
(27, 4, '1RV15EE011', '12IS6C2', 524),
(27, 5, '1RV15AS012', '12IS65', 525),
(27, 6, '1RV15EE012', '12IS6C2', 526),
(27, 7, '1RV15AS013', '12IS65', 527),
(27, 8, '1RV15EE013', '12IS6C2', 528),
(27, 9, '1RV15AS014', '12IS65', 529),
(27, 10, '1RV15EE014', '12IS6C2', 530),
(27, 11, '1RV15AS015', '12IS65', 531),
(27, 12, '1RV15EE015', '12IS6C2', 532),
(27, 13, '1RV15AS016', '12IS65', 533),
(27, 14, '1RV15EE016', '12IS6C2', 534),
(27, 15, '1RV15AS017', '12IS65', 535),
(27, 16, '1RV15EE017', '12IS6C2', 536),
(27, 17, '1RV15AS018', '12IS65', 537),
(27, 18, '1RV15EE018', '12IS6C2', 538),
(27, 19, '1RV15AS019', '12IS65', 539),
(27, 20, '1RV15EE019', '12IS6C2', 540),
(28, 1, '1RV15AS020', '12IS65', 541),
(28, 2, '1RV15EE020', '12IS6C2', 542),
(28, 3, '1RV15AS021', '12IS65', 543),
(28, 4, '1RV15EE021', '12IS6C2', 544),
(28, 5, '1RV15AS022', '12IS65', 545),
(28, 6, '1RV15EE022', '12IS6C2', 546),
(28, 7, '1RV15AS023', '12IS65', 547),
(28, 8, '1RV15EE023', '12IS6C2', 548),
(28, 9, '1RV15AS024', '12IS65', 549),
(28, 10, '1RV15EE024', '12IS6C2', 550),
(28, 11, '1RV15AS025', '12IS65', 551),
(28, 12, '1RV15EE025', '12IS6C2', 552),
(28, 13, '1RV15AS026', '12IS65', 553),
(28, 14, '1RV15EE026', '12IS6C2', 554),
(28, 15, '1RV15AS027', '12IS65', 555),
(28, 16, '1RV15EE027', '12IS6C2', 556),
(28, 17, '1RV15AS028', '12IS65', 557),
(28, 18, '1RV15EE028', '12IS6C2', 558),
(28, 19, '1RV15AS029', '12IS65', 559),
(28, 20, '1RV15EE029', '12IS6C2', 560),
(29, 1, '1RV15AS030', '12IS65', 561),
(29, 2, '1RV15EE030', '12IS6C2', 562),
(29, 3, '1RV15AS031', '12IS65', 563),
(29, 4, '1RV15EE031', '12IS6C2', 564),
(29, 5, '1RV15AS032', '12IS65', 565),
(29, 6, '1RV15EE032', '12IS6C2', 566),
(29, 7, '1RV15AS033', '12IS65', 567),
(29, 8, '1RV15EE033', '12IS6C2', 568),
(29, 9, '1RV15AS034', '12IS65', 569),
(29, 10, '1RV15EE034', '12IS6C2', 570),
(29, 11, '1RV15AS035', '12IS65', 571),
(29, 12, '1RV15EE035', '12IS6C2', 572),
(29, 13, '1RV15AS036', '12IS65', 573),
(29, 14, '1RV15EE036', '12IS6C2', 574),
(29, 15, '1RV15AS037', '12IS65', 575),
(29, 16, '1RV15EE037', '12IS6C2', 576),
(29, 17, '1RV15AS038', '12IS65', 577),
(29, 18, '1RV15EE038', '12IS6C2', 578),
(29, 19, '1RV15AS039', '12IS65', 579),
(29, 20, '1RV15EE039', '12IS6C2', 580),
(30, 1, '1RV15AS040', '12IS65', 581),
(30, 2, '1RV15EE040', '12IS6C2', 582),
(30, 3, '1RV15AS041', '12IS65', 583),
(30, 4, '1RV15EE041', '12IS6C2', 584),
(30, 5, '1RV15AS042', '12IS65', 585),
(30, 6, '1RV15EE042', '12IS6C2', 586),
(30, 7, '1RV15AS043', '12IS65', 587),
(30, 8, '1RV15EE043', '12IS6C2', 588),
(30, 9, '1RV15AS044', '12IS65', 589),
(30, 10, '1RV15EE044', '12IS6C2', 590),
(30, 11, '1RV15AS045', '12IS65', 591),
(30, 12, '1RV15EE045', '12IS6C2', 592),
(30, 13, '1RV15AS046', '12IS65', 593),
(30, 14, '1RV15EE046', '12IS6C2', 594),
(30, 15, '1RV15AS047', '12IS65', 595),
(30, 16, '1RV15EE047', '12IS6C2', 596),
(30, 17, '1RV15AS048', '12IS65', 597),
(30, 18, '1RV15EE048', '12IS6C2', 598),
(30, 19, '1RV15AS049', '12IS65', 599),
(30, 20, '1RV15EE049', '12IS6C2', 600),
(31, 1, '1RV15AS000', '12IS6C1', 601),
(31, 2, '1RV15EE000', '12IS6C3', 602),
(31, 3, '1RV15AS001', '12IS6C1', 603),
(31, 4, '1RV15EE001', '12IS6C3', 604),
(31, 5, '1RV15AS002', '12IS6C1', 605),
(31, 6, '1RV15EE002', '12IS6C3', 606),
(31, 7, '1RV15AS003', '12IS6C1', 607),
(31, 8, '1RV15EE003', '12IS6C3', 608),
(31, 9, '1RV15AS004', '12IS6C1', 609),
(31, 10, '1RV15EE004', '12IS6C3', 610),
(31, 11, '1RV15AS005', '12IS6C1', 611),
(31, 12, '1RV15EE005', '12IS6C3', 612),
(31, 13, '1RV15AS006', '12IS6C1', 613),
(31, 14, '1RV15EE006', '12IS6C3', 614),
(31, 15, '1RV15AS007', '12IS6C1', 615),
(31, 16, '1RV15EE007', '12IS6C3', 616),
(31, 17, '1RV15AS008', '12IS6C1', 617),
(31, 18, '1RV15EE008', '12IS6C3', 618),
(31, 19, '1RV15AS009', '12IS6C1', 619),
(31, 20, '1RV15EE009', '12IS6C3', 620),
(32, 1, '1RV15AS010', '12IS6C1', 621),
(32, 2, '1RV15EE010', '12IS6C3', 622),
(32, 3, '1RV15AS011', '12IS6C1', 623),
(32, 4, '1RV15EE011', '12IS6C3', 624),
(32, 5, '1RV15AS012', '12IS6C1', 625),
(32, 6, '1RV15EE012', '12IS6C3', 626),
(32, 7, '1RV15AS013', '12IS6C1', 627),
(32, 8, '1RV15EE013', '12IS6C3', 628),
(32, 9, '1RV15AS014', '12IS6C1', 629),
(32, 10, '1RV15EE014', '12IS6C3', 630),
(32, 11, '1RV15AS015', '12IS6C1', 631),
(32, 12, '1RV15EE015', '12IS6C3', 632),
(32, 13, '1RV15AS016', '12IS6C1', 633),
(32, 14, '1RV15EE016', '12IS6C3', 634),
(32, 15, '1RV15AS017', '12IS6C1', 635),
(32, 16, '1RV15EE017', '12IS6C3', 636),
(32, 17, '1RV15AS018', '12IS6C1', 637),
(32, 18, '1RV15EE018', '12IS6C3', 638),
(32, 19, '1RV15AS019', '12IS6C1', 639),
(32, 20, '1RV15EE019', '12IS6C3', 640),
(33, 1, '1RV15AS020', '12IS6C1', 641),
(33, 2, '1RV15EE020', '12IS6C3', 642),
(33, 3, '1RV15AS021', '12IS6C1', 643),
(33, 4, '1RV15EE021', '12IS6C3', 644),
(33, 5, '1RV15AS022', '12IS6C1', 645),
(33, 6, '1RV15EE022', '12IS6C3', 646),
(33, 7, '1RV15AS023', '12IS6C1', 647),
(33, 8, '1RV15EE023', '12IS6C3', 648),
(33, 9, '1RV15AS024', '12IS6C1', 649),
(33, 10, '1RV15EE024', '12IS6C3', 650),
(33, 11, '1RV15AS025', '12IS6C1', 651),
(33, 12, '1RV15EE025', '12IS6C3', 652),
(33, 13, '1RV15AS026', '12IS6C1', 653),
(33, 14, '1RV15EE026', '12IS6C3', 654),
(33, 15, '1RV15AS027', '12IS6C1', 655),
(33, 16, '1RV15EE027', '12IS6C3', 656),
(33, 17, '1RV15AS028', '12IS6C1', 657),
(33, 18, '1RV15EE028', '12IS6C3', 658),
(33, 19, '1RV15AS029', '12IS6C1', 659),
(33, 20, '1RV15EE029', '12IS6C3', 660),
(34, 1, '1RV15AS030', '12IS6C1', 661),
(34, 2, '1RV15EE030', '12IS6C3', 662),
(34, 3, '1RV15AS031', '12IS6C1', 663),
(34, 4, '1RV15EE031', '12IS6C3', 664),
(34, 5, '1RV15AS032', '12IS6C1', 665),
(34, 6, '1RV15EE032', '12IS6C3', 666),
(34, 7, '1RV15AS033', '12IS6C1', 667),
(34, 8, '1RV15EE033', '12IS6C3', 668),
(34, 9, '1RV15AS034', '12IS6C1', 669),
(34, 10, '1RV15EE034', '12IS6C3', 670),
(34, 11, '1RV15AS035', '12IS6C1', 671),
(34, 12, '1RV15EE035', '12IS6C3', 672),
(34, 13, '1RV15AS036', '12IS6C1', 673),
(34, 14, '1RV15EE036', '12IS6C3', 674),
(34, 15, '1RV15AS037', '12IS6C1', 675),
(34, 16, '1RV15EE037', '12IS6C3', 676),
(34, 17, '1RV15AS038', '12IS6C1', 677),
(34, 18, '1RV15EE038', '12IS6C3', 678),
(34, 19, '1RV15AS039', '12IS6C1', 679),
(34, 20, '1RV15EE039', '12IS6C3', 680),
(35, 1, '1RV15AS040', '12IS6C1', 681),
(35, 2, '1RV15EE040', '12IS6C3', 682),
(35, 3, '1RV15AS041', '12IS6C1', 683),
(35, 4, '1RV15EE041', '12IS6C3', 684),
(35, 5, '1RV15AS042', '12IS6C1', 685),
(35, 6, '1RV15EE042', '12IS6C3', 686),
(35, 7, '1RV15AS043', '12IS6C1', 687),
(35, 8, '1RV15EE043', '12IS6C3', 688),
(35, 9, '1RV15AS044', '12IS6C1', 689),
(35, 10, '1RV15EE044', '12IS6C3', 690),
(35, 11, '1RV15AS045', '12IS6C1', 691),
(35, 12, '1RV15EE045', '12IS6C3', 692),
(35, 13, '1RV15AS046', '12IS6C1', 693),
(35, 14, '1RV15EE046', '12IS6C3', 694),
(35, 15, '1RV15AS047', '12IS6C1', 695),
(35, 16, '1RV15EE047', '12IS6C3', 696),
(35, 17, '1RV15AS048', '12IS6C1', 697),
(35, 18, '1RV15EE048', '12IS6C3', 698),
(35, 19, '1RV15AS049', '12IS6C1', 699),
(35, 20, '1RV15EE049', '12IS6C3', 700),
(36, 1, '1RV15EE000', '12IS6C4', 701),
(36, 2, '1RV15EC000', '12IS6C5', 702),
(36, 3, '1RV15EE001', '12IS6C4', 703),
(36, 4, '1RV15EC001', '12IS6C5', 704),
(36, 5, '1RV15EE002', '12IS6C4', 705),
(36, 6, '1RV15EC002', '12IS6C5', 706),
(36, 7, '1RV15EE003', '12IS6C4', 707),
(36, 8, '1RV15EC003', '12IS6C5', 708),
(36, 9, '1RV15EE004', '12IS6C4', 709),
(36, 10, '1RV15EC004', '12IS6C5', 710),
(36, 11, '1RV15EE005', '12IS6C4', 711),
(36, 12, '1RV15EC005', '12IS6C5', 712),
(36, 13, '1RV15EE006', '12IS6C4', 713),
(36, 14, '1RV15EC006', '12IS6C5', 714),
(36, 15, '1RV15EE007', '12IS6C4', 715),
(36, 16, '1RV15EC007', '12IS6C5', 716),
(36, 17, '1RV15EE008', '12IS6C4', 717),
(36, 18, '1RV15EC008', '12IS6C5', 718),
(36, 19, '1RV15EE009', '12IS6C4', 719),
(36, 20, '1RV15EC009', '12IS6C5', 720),
(37, 1, '1RV15EE010', '12IS6C4', 721),
(37, 2, '1RV15EC010', '12IS6C5', 722),
(37, 3, '1RV15EE011', '12IS6C4', 723),
(37, 4, '1RV15EC011', '12IS6C5', 724),
(37, 5, '1RV15EE012', '12IS6C4', 725),
(37, 6, '1RV15EC012', '12IS6C5', 726),
(37, 7, '1RV15EE013', '12IS6C4', 727),
(37, 8, '1RV15EC013', '12IS6C5', 728),
(37, 9, '1RV15EE014', '12IS6C4', 729),
(37, 10, '1RV15EC014', '12IS6C5', 730),
(37, 11, '1RV15EE015', '12IS6C4', 731),
(37, 12, '1RV15EC015', '12IS6C5', 732),
(37, 13, '1RV15EE016', '12IS6C4', 733),
(37, 14, '1RV15EC016', '12IS6C5', 734),
(37, 15, '1RV15EE017', '12IS6C4', 735),
(37, 16, '1RV15EC017', '12IS6D1', 736),
(37, 17, '1RV15EE018', '12IS6C4', 737),
(37, 18, '1RV15EC018', '12IS6D1', 738),
(37, 19, '1RV15EE019', '12IS6C4', 739),
(37, 20, '1RV15EC019', '12IS6D1', 740),
(38, 1, '1RV15EE020', '12IS6C4', 741),
(38, 2, '1RV15EC020', '12IS6D1', 742),
(38, 3, '1RV15EE021', '12IS6C4', 743),
(38, 4, '1RV15EC021', '12IS6D1', 744),
(38, 5, '1RV15EE022', '12IS6C4', 745),
(38, 6, '1RV15EC022', '12IS6D1', 746),
(38, 7, '1RV15EE023', '12IS6C4', 747),
(38, 8, '1RV15EC023', '12IS6D1', 748),
(38, 9, '1RV15EE024', '12IS6C4', 749),
(38, 10, '1RV15EC024', '12IS6D1', 750),
(38, 11, '1RV15EE025', '12IS6C4', 751),
(38, 12, '1RV15EC025', '12IS6D1', 752),
(38, 13, '1RV15EE026', '12IS6C4', 753),
(38, 14, '1RV15EC026', '12IS6D1', 754),
(38, 15, '1RV15EE027', '12IS6C4', 755),
(38, 16, '1RV15EC027', '12IS6D1', 756),
(38, 17, '1RV15EE028', '12IS6C4', 757),
(38, 18, '1RV15EC028', '12IS6D1', 758),
(38, 19, '1RV15EE029', '12IS6C4', 759),
(38, 20, '1RV15EC029', '12IS6D1', 760),
(39, 1, '1RV15EE030', '12IS6C4', 761),
(39, 2, '1RV15EC030', '12IS6D1', 762),
(39, 3, '1RV15EE031', '12IS6C4', 763),
(39, 4, '1RV15EC031', '12IS6D1', 764),
(39, 5, '1RV15EE032', '12IS6C4', 765),
(39, 6, '1RV15EC032', '12IS6D1', 766),
(39, 7, '1RV15EE033', '12IS6C4', 767),
(39, 8, '1RV15EC033', '12IS6D1', 768),
(39, 9, '1RV15EE034', '12IS6C4', 769),
(39, 10, '1RV15EC034', '12IS6D1', 770),
(39, 11, '1RV15EE035', '12IS6C4', 771),
(39, 12, '1RV15EC035', '12IS6D1', 772),
(39, 13, '1RV15EE036', '12IS6C4', 773),
(39, 14, '1RV15EC036', '12IS6D1', 774),
(39, 15, '1RV15EE037', '12IS6C4', 775),
(39, 16, '1RV15EC037', '12IS6D1', 776),
(39, 17, '1RV15EE038', '12IS6C4', 777),
(39, 18, '1RV15EC038', '12IS6D2', 778),
(39, 19, '1RV15EE039', '12IS6C4', 779),
(39, 20, '1RV15EC039', '12IS6D2', 780),
(40, 1, '1RV15EE040', '12IS6C4', 781),
(40, 2, '1RV15EC040', '12IS6D2', 782),
(40, 3, '1RV15EE041', '12IS6C4', 783),
(40, 4, '1RV15EC041', '12IS6D2', 784),
(40, 5, '1RV15EE042', '12IS6C4', 785),
(40, 6, '1RV15EC042', '12IS6D2', 786),
(40, 7, '1RV15EE043', '12IS6C4', 787),
(40, 8, '1RV15EC043', '12IS6D2', 788),
(40, 9, '1RV15EE044', '12IS6C4', 789),
(40, 10, '1RV15EC044', '12IS6D2', 790),
(40, 11, '1RV15EE045', '12IS6C4', 791),
(40, 12, '1RV15EC045', '12IS6D2', 792),
(40, 13, '1RV15EE046', '12IS6C4', 793),
(40, 14, '1RV15EC046', '12IS6D2', 794),
(40, 15, '1RV15EE047', '12IS6C4', 795),
(40, 16, '1RV15EC047', '12IS6D2', 796),
(40, 17, '1RV15EE048', '12IS6C4', 797),
(40, 18, '1RV15EC048', '12IS6D2', 798),
(40, 19, '1RV15EE049', '12IS6C4', 799),
(40, 20, '1RV15EC049', '12IS6D2', 800),
(41, 1, '1RV15EC000', '12IS7E1', 801),
(41, 2, '1RV15EC000', '12IS7E2', 802),
(41, 3, '1RV15EC001', '12IS7E1', 803),
(41, 4, '1RV15EC001', '12IS7E2', 804),
(41, 5, '1RV15EC002', '12IS7E1', 805),
(41, 6, '1RV15EC002', '12IS7E2', 806),
(41, 7, '1RV15EC003', '12IS7E1', 807),
(41, 8, '1RV15EC003', '12IS7E2', 808),
(41, 9, '1RV15EC004', '12IS7E1', 809),
(41, 10, '1RV15EC004', '12IS7E2', 810),
(41, 11, '1RV15EC005', '12IS7E1', 811),
(41, 12, '1RV15EC005', '12IS7E2', 812),
(41, 13, '1RV15EC006', '12IS7E1', 813),
(41, 14, '1RV15EC006', '12IS7E2', 814),
(41, 15, '1RV15EC007', '12IS7E1', 815),
(41, 16, '1RV15EC007', '12IS7E2', 816),
(41, 17, '1RV15EC008', '12IS7E1', 817),
(41, 18, '1RV15EC008', '12IS7E2', 818),
(41, 19, '1RV15EC009', '12IS7E1', 819),
(41, 20, '1RV15EC009', '12IS7E2', 820),
(42, 1, '1RV15EC010', '12IS7E1', 821),
(42, 2, '1RV15EC010', '12IS7E2', 822),
(42, 3, '1RV15EC011', '12IS7E1', 823),
(42, 4, '1RV15EC011', '12IS7E2', 824),
(42, 5, '1RV15EC012', '12IS7E1', 825),
(42, 6, '1RV15EC012', '12IS7E2', 826),
(42, 7, '1RV15EC013', '12IS7E1', 827),
(42, 8, '1RV15EC013', '12IS7E2', 828),
(42, 9, '1RV15EC014', '12IS7E1', 829),
(42, 10, '1RV15EC014', '12IS7E2', 830),
(42, 11, '1RV15EC015', '12IS7E1', 831),
(42, 12, '1RV15EC015', '12IS7E2', 832),
(42, 13, '1RV15EC016', '12IS7E1', 833),
(42, 14, '1RV15EC016', '12IS7E2', 834),
(42, 15, '1RV15EC017', '12IS7E1', 835),
(42, 16, '1RV15EC017', '12IS7E2', 836),
(42, 17, '1RV15EC018', '12IS7E1', 837),
(42, 18, '1RV15EC018', '12IS7E2', 838),
(42, 19, '1RV15EC019', '12IS7E1', 839),
(42, 20, '1RV15EC019', '12IS7E2', 840),
(43, 1, '1RV15EC020', '12IS7E1', 841),
(43, 2, '1RV15EC020', '12IS7E2', 842),
(43, 3, '1RV15EC021', '12IS7E1', 843),
(43, 4, '1RV15EC021', '12IS7E2', 844),
(43, 5, '1RV15EC022', '12IS7E1', 845),
(43, 6, '1RV15EC022', '12IS7E2', 846),
(43, 7, '1RV15EC023', '12IS7E1', 847),
(43, 8, '1RV15EC023', '12IS7E2', 848),
(43, 9, '1RV15EC024', '12IS7E1', 849),
(43, 10, '1RV15EC024', '12IS7E2', 850),
(43, 11, '1RV15EC025', '12IS7E1', 851),
(43, 12, '1RV15EC025', '12IS7E2', 852),
(43, 13, '1RV15EC026', '12IS7E1', 853),
(43, 14, '1RV15EC026', '12IS7E2', 854),
(43, 15, '1RV15EC027', '12IS7E1', 855),
(43, 16, '1RV15EC027', '12IS7E2', 856),
(43, 17, '1RV15EC028', '12IS7E1', 857),
(43, 18, '1RV15EC028', '12IS7E2', 858),
(43, 19, '1RV15EC029', '12IS7E1', 859),
(43, 20, '1RV15EC029', '12IS7E2', 860),
(44, 1, '1RV15EC030', '12IS7E1', 861),
(44, 2, '1RV15EC030', '12IS7E2', 862),
(44, 3, '1RV15EC031', '12IS7E1', 863),
(44, 4, '1RV15EC031', '12IS7E2', 864),
(44, 5, '1RV15EC032', '12IS7E1', 865),
(44, 6, '1RV15EC032', '12IS7E2', 866),
(44, 7, '1RV15EC033', '12IS7E1', 867),
(44, 8, '1RV15EC033', '12IS7E2', 868),
(44, 9, '1RV15EC034', '12IS7E1', 869),
(44, 10, '1RV15EC034', '12IS7E2', 870),
(44, 11, '1RV15EC035', '12IS7E1', 871),
(44, 12, '1RV15EC035', '12IS7E2', 872),
(44, 13, '1RV15EC036', '12IS7E1', 873),
(44, 14, '1RV15EC036', '12IS7E2', 874),
(44, 15, '1RV15EC037', '12IS7E1', 875),
(44, 16, '1RV15EC037', '12IS7E2', 876),
(44, 17, '1RV15EC038', '12IS7E1', 877),
(44, 18, '1RV15EC038', '12IS7E2', 878),
(44, 19, '1RV15EC039', '12IS7E1', 879),
(44, 20, '1RV15EC039', '12IS7E2', 880),
(45, 1, '1RV15EC040', '12IS7E1', 881),
(45, 2, '1RV15EC040', '12IS7E2', 882),
(45, 3, '1RV15EC041', '12IS7E1', 883),
(45, 4, '1RV15EC041', '12IS7E2', 884),
(45, 5, '1RV15EC042', '12IS7E1', 885),
(45, 6, '1RV15EC042', '12IS7E2', 886),
(45, 7, '1RV15EC043', '12IS7E1', 887),
(45, 8, '1RV15EC043', '12IS7E2', 888),
(45, 9, '1RV15EC044', '12IS7E1', 889),
(45, 10, '1RV15EC044', '12IS7E2', 890),
(45, 11, '1RV15EC045', '12IS7E1', 891),
(45, 12, '1RV15EC045', '12IS7E2', 892),
(45, 13, '1RV15EC046', '12IS7E1', 893),
(45, 14, '1RV15EC046', '12IS7E2', 894),
(45, 15, '1RV15EC047', '12IS7E1', 895),
(45, 16, '1RV15EC047', '12IS7E2', 896),
(45, 17, '1RV15EC048', '12IS7E1', 897),
(45, 18, '1RV15EC048', '12IS7E2', 898),
(45, 19, '1RV15EC049', '12IS7E1', 899),
(45, 20, '1RV15EC049', '12IS7E2', 900),
(46, 1, '1RV15EC000', '12IS7E3', 901),
(46, 3, '1RV15EC001', '12IS7E3', 902),
(46, 5, '1RV15EC002', '12IS7E3', 903),
(46, 7, '1RV15EC003', '12IS7E3', 904),
(46, 9, '1RV15EC004', '12IS7E3', 905),
(46, 11, '1RV15EC005', '12IS7E3', 906),
(46, 13, '1RV15EC006', '12IS7E3', 907),
(46, 15, '1RV15EC007', '12IS7E3', 908),
(46, 17, '1RV15EC008', '12IS7E3', 909),
(46, 19, '1RV15EC009', '12IS7E3', 910),
(47, 1, '1RV15EC010', '12IS7E3', 911),
(47, 3, '1RV15EC011', '12IS7E3', 912),
(47, 5, '1RV15EC012', '12IS7E3', 913),
(47, 7, '1RV15EC013', '12IS7E3', 914),
(47, 9, '1RV15EC014', '12IS7E3', 915),
(47, 11, '1RV15EC015', '12IS7E3', 916),
(47, 13, '1RV15EC016', '12IS7E3', 917),
(47, 15, '1RV15EC017', '12IS7E3', 918),
(47, 17, '1RV15EC018', '12IS7E3', 919),
(47, 19, '1RV15EC019', '12IS7E3', 920),
(48, 1, '1RV15EC020', '12IS7E3', 921),
(48, 3, '1RV15EC021', '12IS7E3', 922),
(48, 5, '1RV15EC022', '12IS7E3', 923),
(48, 7, '1RV15EC023', '12IS7E3', 924),
(48, 9, '1RV15EC024', '12IS7E3', 925),
(48, 11, '1RV15EC025', '12IS7E3', 926),
(48, 13, '1RV15EC026', '12IS7E3', 927),
(48, 15, '1RV15EC027', '12IS7E3', 928),
(48, 17, '1RV15EC028', '12IS7E3', 929),
(48, 19, '1RV15EC029', '12IS7E3', 930),
(49, 1, '1RV15EC030', '12IS7E3', 931),
(49, 3, '1RV15EC031', '12IS7E3', 932),
(49, 5, '1RV15EC032', '12IS7E3', 933),
(49, 7, '1RV15EC033', '12IS7E3', 934),
(49, 9, '1RV15EC034', '12IS7E3', 935),
(49, 11, '1RV15EC035', '12IS7E3', 936),
(49, 13, '1RV15EC036', '12IS7E3', 937),
(49, 15, '1RV15EC037', '12IS7E3', 938),
(49, 17, '1RV15EC038', '12IS7E3', 939),
(49, 19, '1RV15EC039', '12IS7E3', 940),
(50, 1, '1RV15EC040', '12IS7E3', 941),
(50, 3, '1RV15EC041', '12IS7E3', 942),
(50, 5, '1RV15EC042', '12IS7E3', 943),
(50, 7, '1RV15EC043', '12IS7E3', 944),
(50, 9, '1RV15EC044', '12IS7E3', 945),
(50, 11, '1RV15EC045', '12IS7E3', 946),
(50, 13, '1RV15EC046', '12IS7E3', 947),
(50, 15, '1RV15EC047', '12IS7E3', 948),
(50, 17, '1RV15EC048', '12IS7E3', 949),
(50, 19, '1RV15EC049', '12IS7E3', 950);

-- --------------------------------------------------------

--
-- Table structure for table `student`
--

DROP TABLE IF EXISTS `student`;
CREATE TABLE IF NOT EXISTS `student` (
  `USN` char(10) NOT NULL,
  `DepartmentNumber` int(11) DEFAULT NULL,
  PRIMARY KEY (`USN`)
) ENGINE=InnoDB DEFAULT CHARSET=utf8;

--
-- Dumping data for table `student`
--

INSERT INTO `student` (`USN`, `DepartmentNumber`) VALUES
('1RV15AS000', 3),
('1RV15AS001', 3),
('1RV15AS002', 3),
('1RV15AS003', 3),
('1RV15AS004', 3),
('1RV15AS005', 3),
('1RV15AS006', 3),
('1RV15AS007', 3),
('1RV15AS008', 3),
('1RV15AS009', 3),
('1RV15AS010', 3),
('1RV15AS011', 3),
('1RV15AS012', 3),
('1RV15AS013', 3),
('1RV15AS014', 3),
('1RV15AS015', 3),
('1RV15AS016', 3),
('1RV15AS017', 3),
('1RV15AS018', 3),
('1RV15AS019', 3),
('1RV15AS020', 3),
('1RV15AS021', 3),
('1RV15AS022', 3),
('1RV15AS023', 3),
('1RV15AS024', 3),
('1RV15AS025', 3),
('1RV15AS026', 3),
('1RV15AS027', 3),
('1RV15AS028', 3),
('1RV15AS029', 3),
('1RV15AS030', 3),
('1RV15AS031', 3),
('1RV15AS032', 3),
('1RV15AS033', 3),
('1RV15AS034', 3),
('1RV15AS035', 3),
('1RV15AS036', 3),
('1RV15AS037', 3),
('1RV15AS038', 3),
('1RV15AS039', 3),
('1RV15AS040', 3),
('1RV15AS041', 3),
('1RV15AS042', 3),
('1RV15AS043', 3),
('1RV15AS044', 3),
('1RV15AS045', 3),
('1RV15AS046', 3),
('1RV15AS047', 3),
('1RV15AS048', 3),
('1RV15AS049', 3),
('1RV15CS000', 2),
('1RV15CS001', 2),
('1RV15CS002', 2),
('1RV15CS003', 2),
('1RV15CS004', 2),
('1RV15CS005', 2),
('1RV15CS006', 2),
('1RV15CS007', 2),
('1RV15CS008', 2),
('1RV15CS009', 2),
('1RV15CS010', 2),
('1RV15CS011', 2),
('1RV15CS012', 2),
('1RV15CS013', 2),
('1RV15CS014', 2),
('1RV15CS015', 2),
('1RV15CS016', 2),
('1RV15CS017', 2),
('1RV15CS018', 2),
('1RV15CS019', 2),
('1RV15CS020', 2),
('1RV15CS021', 2),
('1RV15CS022', 2),
('1RV15CS023', 2),
('1RV15CS024', 2),
('1RV15CS025', 2),
('1RV15CS026', 2),
('1RV15CS027', 2),
('1RV15CS028', 2),
('1RV15CS029', 2),
('1RV15CS030', 2),
('1RV15CS031', 2),
('1RV15CS032', 2),
('1RV15CS033', 2),
('1RV15CS034', 2),
('1RV15CS035', 2),
('1RV15CS036', 2),
('1RV15CS037', 2),
('1RV15CS038', 2),
('1RV15CS039', 2),
('1RV15CS040', 2),
('1RV15CS041', 2),
('1RV15CS042', 2),
('1RV15CS043', 2),
('1RV15CS044', 2),
('1RV15CS045', 2),
('1RV15CS046', 2),
('1RV15CS047', 2),
('1RV15CS048', 2),
('1RV15CS049', 2),
('1RV15EC000', 4),
('1RV15EC001', 4),
('1RV15EC002', 4),
('1RV15EC003', 4),
('1RV15EC004', 4),
('1RV15EC005', 4),
('1RV15EC006', 4),
('1RV15EC007', 4),
('1RV15EC008', 4),
('1RV15EC009', 4),
('1RV15EC010', 4),
('1RV15EC011', 4),
('1RV15EC012', 4),
('1RV15EC013', 4),
('1RV15EC014', 4),
('1RV15EC015', 4),
('1RV15EC016', 4),
('1RV15EC017', 4),
('1RV15EC018', 4),
('1RV15EC019', 4),
('1RV15EC020', 4),
('1RV15EC021', 4),
('1RV15EC022', 4),
('1RV15EC023', 4),
('1RV15EC024', 4),
('1RV15EC025', 4),
('1RV15EC026', 4),
('1RV15EC027', 4),
('1RV15EC028', 4),
('1RV15EC029', 4),
('1RV15EC030', 4),
('1RV15EC031', 4),
('1RV15EC032', 4),
('1RV15EC033', 4),
('1RV15EC034', 4),
('1RV15EC035', 4),
('1RV15EC036', 4),
('1RV15EC037', 4),
('1RV15EC038', 4),
('1RV15EC039', 4),
('1RV15EC040', 4),
('1RV15EC041', 4),
('1RV15EC042', 4),
('1RV15EC043', 4),
('1RV15EC044', 4),
('1RV15EC045', 4),
('1RV15EC046', 4),
('1RV15EC047', 4),
('1RV15EC048', 4),
('1RV15EC049', 4),
('1RV15EE000', 5),
('1RV15EE001', 5),
('1RV15EE002', 5),
('1RV15EE003', 5),
('1RV15EE004', 5),
('1RV15EE005', 5),
('1RV15EE006', 5),
('1RV15EE007', 5),
('1RV15EE008', 5),
('1RV15EE009', 5),
('1RV15EE010', 5),
('1RV15EE011', 5),
('1RV15EE012', 5),
('1RV15EE013', 5),
('1RV15EE014', 5),
('1RV15EE015', 5),
('1RV15EE016', 5),
('1RV15EE017', 5),
('1RV15EE018', 5),
('1RV15EE019', 5),
('1RV15EE020', 5),
('1RV15EE021', 5),
('1RV15EE022', 5),
('1RV15EE023', 5),
('1RV15EE024', 5),
('1RV15EE025', 5),
('1RV15EE026', 5),
('1RV15EE027', 5),
('1RV15EE028', 5),
('1RV15EE029', 5),
('1RV15EE030', 5),
('1RV15EE031', 5),
('1RV15EE032', 5),
('1RV15EE033', 5),
('1RV15EE034', 5),
('1RV15EE035', 5),
('1RV15EE036', 5),
('1RV15EE037', 5),
('1RV15EE038', 5),
('1RV15EE039', 5),
('1RV15EE040', 5),
('1RV15EE041', 5),
('1RV15EE042', 5),
('1RV15EE043', 5),
('1RV15EE044', 5),
('1RV15EE045', 5),
('1RV15EE046', 5),
('1RV15EE047', 5),
('1RV15EE048', 5),
('1RV15EE049', 5),
('1RV15IS000', 1),
('1RV15IS001', 1),
('1RV15IS002', 1),
('1RV15IS003', 1),
('1RV15IS004', 1),
('1RV15IS005', 1),
('1RV15IS006', 1),
('1RV15IS007', 1),
('1RV15IS008', 1),
('1RV15IS009', 1),
('1RV15IS010', 1),
('1RV15IS011', 1),
('1RV15IS012', 1),
('1RV15IS013', 1),
('1RV15IS014', 1),
('1RV15IS015', 1),
('1RV15IS016', 1),
('1RV15IS017', 1),
('1RV15IS018', 1),
('1RV15IS019', 1),
('1RV15IS020', 1),
('1RV15IS021', 1),
('1RV15IS022', 1),
('1RV15IS023', 1),
('1RV15IS024', 1),
('1RV15IS025', 1),
('1RV15IS026', 1),
('1RV15IS027', 1),
('1RV15IS028', 1),
('1RV15IS029', 1),
('1RV15IS030', 1),
('1RV15IS031', 1),
('1RV15IS032', 1),
('1RV15IS033', 1),
('1RV15IS034', 1),
('1RV15IS035', 1),
('1RV15IS036', 1),
('1RV15IS037', 1),
('1RV15IS038', 1),
('1RV15IS039', 1),
('1RV15IS040', 1),
('1RV15IS041', 1),
('1RV15IS042', 1),
('1RV15IS043', 1),
('1RV15IS044', 1),
('1RV15IS045', 1),
('1RV15IS046', 1),
('1RV15IS047', 1),
('1RV15IS048', 1),
('1RV15IS049', 1);

-- --------------------------------------------------------

--
-- Table structure for table `studentcourse`
--

DROP TABLE IF EXISTS `studentcourse`;
CREATE TABLE IF NOT EXISTS `studentcourse` (
  `USN` char(10) NOT NULL,
  `coursecode` varchar(10) NOT NULL,
  PRIMARY KEY (`USN`,`coursecode`),
  KEY `courseecode_idx` (`coursecode`)
) ENGINE=InnoDB DEFAULT CHARSET=utf8;

--
-- Dumping data for table `studentcourse`
--

INSERT INTO `studentcourse` (`USN`, `coursecode`) VALUES
('1RV15IS000', '12HSI51'),
('1RV15IS001', '12HSI51'),
('1RV15IS002', '12HSI51'),
('1RV15IS003', '12HSI51'),
('1RV15IS004', '12HSI51'),
('1RV15IS005', '12HSI51'),
('1RV15IS006', '12HSI51'),
('1RV15IS007', '12HSI51'),
('1RV15IS008', '12HSI51'),
('1RV15IS009', '12HSI51'),
('1RV15IS010', '12HSI51'),
('1RV15IS011', '12HSI51'),
('1RV15IS012', '12HSI51'),
('1RV15IS013', '12HSI51'),
('1RV15IS014', '12HSI51'),
('1RV15IS015', '12HSI51'),
('1RV15IS016', '12HSI51'),
('1RV15IS017', '12HSI51'),
('1RV15IS018', '12HSI51'),
('1RV15IS019', '12HSI51'),
('1RV15IS020', '12HSI51'),
('1RV15IS021', '12HSI51'),
('1RV15IS022', '12HSI51'),
('1RV15IS023', '12HSI51'),
('1RV15IS024', '12HSI51'),
('1RV15IS025', '12HSI51'),
('1RV15IS026', '12HSI51'),
('1RV15IS027', '12HSI51'),
('1RV15IS028', '12HSI51'),
('1RV15IS029', '12HSI51'),
('1RV15IS030', '12HSI51'),
('1RV15IS031', '12HSI51'),
('1RV15IS032', '12HSI51'),
('1RV15IS033', '12HSI51'),
('1RV15IS034', '12HSI51'),
('1RV15IS035', '12HSI51'),
('1RV15IS036', '12HSI51'),
('1RV15IS037', '12HSI51'),
('1RV15IS038', '12HSI51'),
('1RV15IS039', '12HSI51'),
('1RV15IS040', '12HSI51'),
('1RV15IS041', '12HSI51'),
('1RV15IS042', '12HSI51'),
('1RV15IS043', '12HSI51'),
('1RV15IS044', '12HSI51'),
('1RV15IS045', '12HSI51'),
('1RV15IS046', '12HSI51'),
('1RV15IS047', '12HSI51'),
('1RV15IS048', '12HSI51'),
('1RV15IS049', '12HSI51'),
('1RV15CS000', '12HSM61'),
('1RV15CS001', '12HSM61'),
('1RV15CS002', '12HSM61'),
('1RV15CS003', '12HSM61'),
('1RV15CS004', '12HSM61'),
('1RV15CS005', '12HSM61'),
('1RV15CS006', '12HSM61'),
('1RV15CS007', '12HSM61'),
('1RV15CS008', '12HSM61'),
('1RV15CS009', '12HSM61'),
('1RV15CS010', '12HSM61'),
('1RV15CS011', '12HSM61'),
('1RV15CS012', '12HSM61'),
('1RV15CS013', '12HSM61'),
('1RV15CS014', '12HSM61'),
('1RV15CS015', '12HSM61'),
('1RV15CS016', '12HSM61'),
('1RV15CS017', '12HSM61'),
('1RV15CS018', '12HSM61'),
('1RV15CS019', '12HSM61'),
('1RV15CS020', '12HSM61'),
('1RV15CS021', '12HSM61'),
('1RV15CS022', '12HSM61'),
('1RV15CS023', '12HSM61'),
('1RV15CS024', '12HSM61'),
('1RV15CS025', '12HSM61'),
('1RV15CS026', '12HSM61'),
('1RV15CS027', '12HSM61'),
('1RV15CS028', '12HSM61'),
('1RV15CS029', '12HSM61'),
('1RV15CS030', '12HSM61'),
('1RV15CS031', '12HSM61'),
('1RV15CS032', '12HSM61'),
('1RV15CS033', '12HSM61'),
('1RV15CS034', '12HSM61'),
('1RV15CS035', '12HSM61'),
('1RV15CS036', '12HSM61'),
('1RV15CS037', '12HSM61'),
('1RV15CS038', '12HSM61'),
('1RV15CS039', '12HSM61'),
('1RV15CS040', '12HSM61'),
('1RV15CS041', '12HSM61'),
('1RV15CS042', '12HSM61'),
('1RV15CS043', '12HSM61'),
('1RV15CS044', '12HSM61'),
('1RV15CS045', '12HSM61'),
('1RV15CS046', '12HSM61'),
('1RV15CS047', '12HSM61'),
('1RV15CS048', '12HSM61'),
('1RV15CS049', '12HSM61'),
('1RV15IS001', '12IS44'),
('1RV15IS000', '12IS52'),
('1RV15IS001', '12IS52'),
('1RV15IS002', '12IS52'),
('1RV15IS003', '12IS52'),
('1RV15IS004', '12IS52'),
('1RV15IS005', '12IS52'),
('1RV15IS006', '12IS52'),
('1RV15IS007', '12IS52'),
('1RV15IS008', '12IS52'),
('1RV15IS009', '12IS52'),
('1RV15IS010', '12IS52'),
('1RV15IS011', '12IS52'),
('1RV15IS012', '12IS52'),
('1RV15IS013', '12IS52'),
('1RV15IS014', '12IS52'),
('1RV15IS015', '12IS52'),
('1RV15IS016', '12IS52'),
('1RV15IS017', '12IS52'),
('1RV15IS018', '12IS52'),
('1RV15IS019', '12IS52'),
('1RV15IS020', '12IS52'),
('1RV15IS021', '12IS52'),
('1RV15IS022', '12IS52'),
('1RV15IS023', '12IS52'),
('1RV15IS024', '12IS52'),
('1RV15IS025', '12IS52'),
('1RV15IS026', '12IS52'),
('1RV15IS027', '12IS52'),
('1RV15IS028', '12IS52'),
('1RV15IS029', '12IS52'),
('1RV15IS030', '12IS52'),
('1RV15IS031', '12IS52'),
('1RV15IS032', '12IS52'),
('1RV15IS033', '12IS52'),
('1RV15IS034', '12IS52'),
('1RV15IS035', '12IS52'),
('1RV15IS036', '12IS52'),
('1RV15IS037', '12IS52'),
('1RV15IS038', '12IS52'),
('1RV15IS039', '12IS52'),
('1RV15IS040', '12IS52'),
('1RV15IS041', '12IS52'),
('1RV15IS042', '12IS52'),
('1RV15IS043', '12IS52'),
('1RV15IS044', '12IS52'),
('1RV15IS045', '12IS52'),
('1RV15IS046', '12IS52'),
('1RV15IS047', '12IS52'),
('1RV15IS048', '12IS52'),
('1RV15IS049', '12IS52'),
('1RV15IS000', '12IS53'),
('1RV15IS001', '12IS53'),
('1RV15IS002', '12IS53'),
('1RV15IS003', '12IS53'),
('1RV15IS004', '12IS53'),
('1RV15IS005', '12IS53'),
('1RV15IS006', '12IS53'),
('1RV15IS007', '12IS53'),
('1RV15IS008', '12IS53'),
('1RV15IS009', '12IS53'),
('1RV15IS010', '12IS53'),
('1RV15IS011', '12IS53'),
('1RV15IS012', '12IS53'),
('1RV15IS013', '12IS53'),
('1RV15IS014', '12IS53'),
('1RV15IS015', '12IS53'),
('1RV15IS016', '12IS53'),
('1RV15IS017', '12IS53'),
('1RV15IS018', '12IS53'),
('1RV15IS019', '12IS53'),
('1RV15IS020', '12IS53'),
('1RV15IS021', '12IS53'),
('1RV15IS022', '12IS53'),
('1RV15IS023', '12IS53'),
('1RV15IS024', '12IS53'),
('1RV15IS025', '12IS53'),
('1RV15IS026', '12IS53'),
('1RV15IS027', '12IS53'),
('1RV15IS028', '12IS53'),
('1RV15IS029', '12IS53'),
('1RV15IS030', '12IS53'),
('1RV15IS031', '12IS53'),
('1RV15IS032', '12IS53'),
('1RV15IS033', '12IS53'),
('1RV15IS034', '12IS53'),
('1RV15IS035', '12IS53'),
('1RV15IS036', '12IS53'),
('1RV15IS037', '12IS53'),
('1RV15IS038', '12IS53'),
('1RV15IS039', '12IS53'),
('1RV15IS040', '12IS53'),
('1RV15IS041', '12IS53'),
('1RV15IS042', '12IS53'),
('1RV15IS043', '12IS53'),
('1RV15IS044', '12IS53'),
('1RV15IS045', '12IS53'),
('1RV15IS046', '12IS53'),
('1RV15IS047', '12IS53'),
('1RV15IS048', '12IS53'),
('1RV15IS049', '12IS53'),
('1RV15IS000', '12IS5A1'),
('1RV15IS001', '12IS5A1'),
('1RV15IS002', '12IS5A1'),
('1RV15IS003', '12IS5A1'),
('1RV15IS004', '12IS5A1'),
('1RV15IS005', '12IS5A1'),
('1RV15IS006', '12IS5A1'),
('1RV15IS007', '12IS5A1'),
('1RV15IS008', '12IS5A1'),
('1RV15IS009', '12IS5A1'),
('1RV15IS010', '12IS5A1'),
('1RV15IS011', '12IS5A1'),
('1RV15IS012', '12IS5A1'),
('1RV15IS013', '12IS5A1'),
('1RV15IS014', '12IS5A1'),
('1RV15IS015', '12IS5A1'),
('1RV15IS016', '12IS5A2'),
('1RV15IS017', '12IS5A2'),
('1RV15IS018', '12IS5A2'),
('1RV15IS019', '12IS5A2'),
('1RV15IS020', '12IS5A2'),
('1RV15IS021', '12IS5A2'),
('1RV15IS022', '12IS5A2'),
('1RV15IS023', '12IS5A2'),
('1RV15IS024', '12IS5A2'),
('1RV15IS025', '12IS5A2'),
('1RV15IS026', '12IS5A2'),
('1RV15IS027', '12IS5A2'),
('1RV15IS028', '12IS5A2'),
('1RV15IS029', '12IS5A2'),
('1RV15IS030', '12IS5A2'),
('1RV15IS031', '12IS5A2'),
('1RV15IS032', '12IS5A2'),
('1RV15IS033', '12IS5A2'),
('1RV15IS034', '12IS5A2'),
('1RV15IS035', '12IS5A2'),
('1RV15IS036', '12IS5A2'),
('1RV15IS037', '12IS5A3'),
('1RV15IS038', '12IS5A3'),
('1RV15IS039', '12IS5A3'),
('1RV15IS040', '12IS5A3'),
('1RV15IS041', '12IS5A3'),
('1RV15IS042', '12IS5A3'),
('1RV15IS043', '12IS5A3'),
('1RV15IS044', '12IS5A3'),
('1RV15IS045', '12IS5A3'),
('1RV15IS046', '12IS5A3'),
('1RV15IS047', '12IS5A3'),
('1RV15IS048', '12IS5A3'),
('1RV15IS049', '12IS5A3'),
('1RV15CS000', '12IS5A4'),
('1RV15CS001', '12IS5A4'),
('1RV15CS002', '12IS5A4'),
('1RV15CS003', '12IS5A4'),
('1RV15CS004', '12IS5A4'),
('1RV15CS005', '12IS5A4'),
('1RV15CS006', '12IS5A4'),
('1RV15CS007', '12IS5A4'),
('1RV15CS008', '12IS5A4'),
('1RV15CS009', '12IS5A4'),
('1RV15CS010', '12IS5A4'),
('1RV15CS011', '12IS5A4'),
('1RV15CS012', '12IS5A4'),
('1RV15CS013', '12IS5A4'),
('1RV15CS014', '12IS5A4'),
('1RV15CS015', '12IS5A4'),
('1RV15CS016', '12IS5A4'),
('1RV15CS017', '12IS5A4'),
('1RV15CS018', '12IS5A4'),
('1RV15CS019', '12IS5A4'),
('1RV15CS020', '12IS5A4'),
('1RV15CS021', '12IS5A4'),
('1RV15CS022', '12IS5A4'),
('1RV15CS023', '12IS5A4'),
('1RV15CS024', '12IS5A4'),
('1RV15CS025', '12IS5A4'),
('1RV15CS026', '12IS5A4'),
('1RV15CS027', '12IS5A4'),
('1RV15CS028', '12IS5A4'),
('1RV15CS029', '12IS5A4'),
('1RV15CS030', '12IS5A4'),
('1RV15CS031', '12IS5A4'),
('1RV15CS032', '12IS5A4'),
('1RV15CS033', '12IS5A5'),
('1RV15CS034', '12IS5A5'),
('1RV15CS035', '12IS5A5'),
('1RV15CS036', '12IS5A5'),
('1RV15CS037', '12IS5A5'),
('1RV15CS038', '12IS5A5'),
('1RV15CS039', '12IS5A5'),
('1RV15CS040', '12IS5A5'),
('1RV15CS041', '12IS5A5'),
('1RV15CS042', '12IS5A5'),
('1RV15CS043', '12IS5A5'),
('1RV15CS044', '12IS5A5'),
('1RV15CS045', '12IS5A5'),
('1RV15CS046', '12IS5A5'),
('1RV15CS047', '12IS5A5'),
('1RV15CS048', '12IS5A5'),
('1RV15CS049', '12IS5A5'),
('1RV15AS000', '12IS5B1'),
('1RV15AS001', '12IS5B1'),
('1RV15AS002', '12IS5B1'),
('1RV15AS003', '12IS5B1'),
('1RV15AS004', '12IS5B1'),
('1RV15AS005', '12IS5B1'),
('1RV15AS006', '12IS5B1'),
('1RV15AS007', '12IS5B1'),
('1RV15AS008', '12IS5B1'),
('1RV15AS009', '12IS5B1'),
('1RV15AS010', '12IS5B1'),
('1RV15AS011', '12IS5B1'),
('1RV15AS012', '12IS5B1'),
('1RV15AS013', '12IS5B1'),
('1RV15AS014', '12IS5B1'),
('1RV15AS015', '12IS5B1'),
('1RV15AS016', '12IS5B2'),
('1RV15AS017', '12IS5B2'),
('1RV15AS018', '12IS5B2'),
('1RV15AS019', '12IS5B2'),
('1RV15AS020', '12IS5B2'),
('1RV15AS021', '12IS5B2'),
('1RV15AS022', '12IS5B2'),
('1RV15AS023', '12IS5B2'),
('1RV15AS024', '12IS5B2'),
('1RV15AS025', '12IS5B2'),
('1RV15AS026', '12IS5B2'),
('1RV15AS027', '12IS5B2'),
('1RV15AS028', '12IS5B2'),
('1RV15AS029', '12IS5B2'),
('1RV15AS030', '12IS5B2'),
('1RV15AS031', '12IS5B2'),
('1RV15AS032', '12IS5B2'),
('1RV15AS033', '12IS5B2'),
('1RV15AS034', '12IS5B2'),
('1RV15AS035', '12IS5B2'),
('1RV15AS036', '12IS5B2'),
('1RV15AS037', '12IS5B2'),
('1RV15AS038', '12IS5B2'),
('1RV15AS039', '12IS5B2'),
('1RV15AS040', '12IS5B2'),
('1RV15AS041', '12IS5B3'),
('1RV15AS042', '12IS5B3'),
('1RV15AS043', '12IS5B3'),
('1RV15AS044', '12IS5B3'),
('1RV15AS045', '12IS5B3'),
('1RV15AS046', '12IS5B3'),
('1RV15AS047', '12IS5B3'),
('1RV15AS048', '12IS5B3'),
('1RV15AS049', '12IS5B3'),
('1RV15EE000', '12IS5B5'),
('1RV15EE001', '12IS5B5'),
('1RV15EE002', '12IS5B5'),
('1RV15EE003', '12IS5B5'),
('1RV15EE004', '12IS5B5'),
('1RV15EE005', '12IS5B5'),
('1RV15EE006', '12IS5B5'),
('1RV15EE007', '12IS5B5'),
('1RV15EE008', '12IS5B5'),
('1RV15EE009', '12IS5B5'),
('1RV15EE010', '12IS5B5'),
('1RV15EE011', '12IS5B5'),
('1RV15EE012', '12IS5B5'),
('1RV15EE013', '12IS5B5'),
('1RV15EE014', '12IS5B5'),
('1RV15EE015', '12IS5B5'),
('1RV15EE016', '12IS5B5'),
('1RV15EE017', '12IS5B5'),
('1RV15EE018', '12IS5B5'),
('1RV15EE019', '12IS5B5'),
('1RV15EE020', '12IS5B5'),
('1RV15EE021', '12IS5B5'),
('1RV15EE022', '12IS5B5'),
('1RV15EE023', '12IS5B5'),
('1RV15EE024', '12IS5B5'),
('1RV15EE025', '12IS5B6'),
('1RV15EE026', '12IS5B6'),
('1RV15EE027', '12IS5B6'),
('1RV15EE028', '12IS5B6'),
('1RV15EE029', '12IS5B6'),
('1RV15EE030', '12IS5B6'),
('1RV15EE031', '12IS5B6'),
('1RV15EE032', '12IS5B6'),
('1RV15EE033', '12IS5B6'),
('1RV15EE034', '12IS5B6'),
('1RV15EE035', '12IS5B6'),
('1RV15EE036', '12IS5B6'),
('1RV15EE037', '12IS5B6'),
('1RV15EE038', '12IS5B6'),
('1RV15EE039', '12IS5B6'),
('1RV15EE040', '12IS5B6'),
('1RV15EE041', '12IS5B6'),
('1RV15EE042', '12IS5B6'),
('1RV15EE043', '12IS5B6'),
('1RV15EE044', '12IS5B6'),
('1RV15EE045', '12IS5B6'),
('1RV15EE046', '12IS5B6'),
('1RV15EE047', '12IS5B6'),
('1RV15EE048', '12IS5B6'),
('1RV15EE049', '12IS5B6'),
('1RV15CS000', '12IS62'),
('1RV15CS001', '12IS62'),
('1RV15CS002', '12IS62'),
('1RV15CS003', '12IS62'),
('1RV15CS004', '12IS62'),
('1RV15CS005', '12IS62'),
('1RV15CS006', '12IS62'),
('1RV15CS007', '12IS62'),
('1RV15CS008', '12IS62'),
('1RV15CS009', '12IS62'),
('1RV15CS010', '12IS62'),
('1RV15CS011', '12IS62'),
('1RV15CS012', '12IS62'),
('1RV15CS013', '12IS62'),
('1RV15CS014', '12IS62'),
('1RV15CS015', '12IS62'),
('1RV15CS016', '12IS62'),
('1RV15CS017', '12IS62'),
('1RV15CS018', '12IS62'),
('1RV15CS019', '12IS62'),
('1RV15CS020', '12IS62'),
('1RV15CS021', '12IS62'),
('1RV15CS022', '12IS62'),
('1RV15CS023', '12IS62'),
('1RV15CS024', '12IS62'),
('1RV15CS025', '12IS62'),
('1RV15CS026', '12IS62'),
('1RV15CS027', '12IS62'),
('1RV15CS028', '12IS62'),
('1RV15CS029', '12IS62'),
('1RV15CS030', '12IS62'),
('1RV15CS031', '12IS62'),
('1RV15CS032', '12IS62'),
('1RV15CS033', '12IS62'),
('1RV15CS034', '12IS62'),
('1RV15CS035', '12IS62'),
('1RV15CS036', '12IS62'),
('1RV15CS037', '12IS62'),
('1RV15CS038', '12IS62'),
('1RV15CS039', '12IS62'),
('1RV15CS040', '12IS62'),
('1RV15CS041', '12IS62'),
('1RV15CS042', '12IS62'),
('1RV15CS043', '12IS62'),
('1RV15CS044', '12IS62'),
('1RV15CS045', '12IS62'),
('1RV15CS046', '12IS62'),
('1RV15CS047', '12IS62'),
('1RV15CS048', '12IS62'),
('1RV15CS049', '12IS62'),
('1RV15CS000', '12IS63'),
('1RV15CS001', '12IS63'),
('1RV15CS002', '12IS63'),
('1RV15CS003', '12IS63'),
('1RV15CS004', '12IS63'),
('1RV15CS005', '12IS63'),
('1RV15CS006', '12IS63'),
('1RV15CS007', '12IS63'),
('1RV15CS008', '12IS63'),
('1RV15CS009', '12IS63'),
('1RV15CS010', '12IS63'),
('1RV15CS011', '12IS63'),
('1RV15CS012', '12IS63'),
('1RV15CS013', '12IS63'),
('1RV15CS014', '12IS63'),
('1RV15CS015', '12IS63'),
('1RV15CS016', '12IS63'),
('1RV15CS017', '12IS63'),
('1RV15CS018', '12IS63'),
('1RV15CS019', '12IS63'),
('1RV15CS020', '12IS63'),
('1RV15CS021', '12IS63'),
('1RV15CS022', '12IS63'),
('1RV15CS023', '12IS63'),
('1RV15CS024', '12IS63'),
('1RV15CS025', '12IS63'),
('1RV15CS026', '12IS63'),
('1RV15CS027', '12IS63'),
('1RV15CS028', '12IS63'),
('1RV15CS029', '12IS63'),
('1RV15CS030', '12IS63'),
('1RV15CS031', '12IS63'),
('1RV15CS032', '12IS63'),
('1RV15CS033', '12IS63'),
('1RV15CS034', '12IS63'),
('1RV15CS035', '12IS63'),
('1RV15CS036', '12IS63'),
('1RV15CS037', '12IS63'),
('1RV15CS038', '12IS63'),
('1RV15CS039', '12IS63'),
('1RV15CS040', '12IS63'),
('1RV15CS041', '12IS63'),
('1RV15CS042', '12IS63'),
('1RV15CS043', '12IS63'),
('1RV15CS044', '12IS63'),
('1RV15CS045', '12IS63'),
('1RV15CS046', '12IS63'),
('1RV15CS047', '12IS63'),
('1RV15CS048', '12IS63'),
('1RV15CS049', '12IS63'),
('1RV15AS000', '12IS64'),
('1RV15AS001', '12IS64'),
('1RV15AS002', '12IS64'),
('1RV15AS003', '12IS64'),
('1RV15AS004', '12IS64'),
('1RV15AS005', '12IS64'),
('1RV15AS006', '12IS64'),
('1RV15AS007', '12IS64'),
('1RV15AS008', '12IS64'),
('1RV15AS009', '12IS64'),
('1RV15AS010', '12IS64'),
('1RV15AS011', '12IS64'),
('1RV15AS012', '12IS64'),
('1RV15AS013', '12IS64'),
('1RV15AS014', '12IS64'),
('1RV15AS015', '12IS64'),
('1RV15AS016', '12IS64'),
('1RV15AS017', '12IS64'),
('1RV15AS018', '12IS64'),
('1RV15AS019', '12IS64'),
('1RV15AS020', '12IS64'),
('1RV15AS021', '12IS64'),
('1RV15AS022', '12IS64'),
('1RV15AS023', '12IS64'),
('1RV15AS024', '12IS64'),
('1RV15AS025', '12IS64'),
('1RV15AS026', '12IS64'),
('1RV15AS027', '12IS64'),
('1RV15AS028', '12IS64'),
('1RV15AS029', '12IS64'),
('1RV15AS030', '12IS64'),
('1RV15AS031', '12IS64'),
('1RV15AS032', '12IS64'),
('1RV15AS033', '12IS64'),
('1RV15AS034', '12IS64'),
('1RV15AS035', '12IS64'),
('1RV15AS036', '12IS64'),
('1RV15AS037', '12IS64'),
('1RV15AS038', '12IS64'),
('1RV15AS039', '12IS64'),
('1RV15AS040', '12IS64'),
('1RV15AS041', '12IS64'),
('1RV15AS042', '12IS64'),
('1RV15AS043', '12IS64'),
('1RV15AS044', '12IS64'),
('1RV15AS045', '12IS64'),
('1RV15AS046', '12IS64'),
('1RV15AS047', '12IS64'),
('1RV15AS048', '12IS64'),
('1RV15AS049', '12IS64'),
('1RV15AS000', '12IS65'),
('1RV15AS001', '12IS65'),
('1RV15AS002', '12IS65'),
('1RV15AS003', '12IS65'),
('1RV15AS004', '12IS65'),
('1RV15AS005', '12IS65'),
('1RV15AS006', '12IS65'),
('1RV15AS007', '12IS65'),
('1RV15AS008', '12IS65'),
('1RV15AS009', '12IS65'),
('1RV15AS010', '12IS65'),
('1RV15AS011', '12IS65'),
('1RV15AS012', '12IS65'),
('1RV15AS013', '12IS65'),
('1RV15AS014', '12IS65'),
('1RV15AS015', '12IS65'),
('1RV15AS016', '12IS65'),
('1RV15AS017', '12IS65'),
('1RV15AS018', '12IS65'),
('1RV15AS019', '12IS65'),
('1RV15AS020', '12IS65'),
('1RV15AS021', '12IS65'),
('1RV15AS022', '12IS65'),
('1RV15AS023', '12IS65'),
('1RV15AS024', '12IS65'),
('1RV15AS025', '12IS65'),
('1RV15AS026', '12IS65'),
('1RV15AS027', '12IS65'),
('1RV15AS028', '12IS65'),
('1RV15AS029', '12IS65'),
('1RV15AS030', '12IS65'),
('1RV15AS031', '12IS65'),
('1RV15AS032', '12IS65'),
('1RV15AS033', '12IS65'),
('1RV15AS034', '12IS65'),
('1RV15AS035', '12IS65'),
('1RV15AS036', '12IS65'),
('1RV15AS037', '12IS65'),
('1RV15AS038', '12IS65'),
('1RV15AS039', '12IS65'),
('1RV15AS040', '12IS65'),
('1RV15AS041', '12IS65'),
('1RV15AS042', '12IS65'),
('1RV15AS043', '12IS65'),
('1RV15AS044', '12IS65'),
('1RV15AS045', '12IS65'),
('1RV15AS046', '12IS65'),
('1RV15AS047', '12IS65'),
('1RV15AS048', '12IS65'),
('1RV15AS049', '12IS65'),
('1RV15AS000', '12IS6C1'),
('1RV15AS001', '12IS6C1'),
('1RV15AS002', '12IS6C1'),
('1RV15AS003', '12IS6C1'),
('1RV15AS004', '12IS6C1'),
('1RV15AS005', '12IS6C1'),
('1RV15AS006', '12IS6C1'),
('1RV15AS007', '12IS6C1'),
('1RV15AS008', '12IS6C1'),
('1RV15AS009', '12IS6C1'),
('1RV15AS010', '12IS6C1'),
('1RV15AS011', '12IS6C1'),
('1RV15AS012', '12IS6C1'),
('1RV15AS013', '12IS6C1'),
('1RV15AS014', '12IS6C1'),
('1RV15AS015', '12IS6C1'),
('1RV15AS016', '12IS6C1'),
('1RV15AS017', '12IS6C1'),
('1RV15AS018', '12IS6C1'),
('1RV15AS019', '12IS6C1'),
('1RV15AS020', '12IS6C1'),
('1RV15AS021', '12IS6C1'),
('1RV15AS022', '12IS6C1'),
('1RV15AS023', '12IS6C1'),
('1RV15AS024', '12IS6C1'),
('1RV15AS025', '12IS6C1'),
('1RV15AS026', '12IS6C1'),
('1RV15AS027', '12IS6C1'),
('1RV15AS028', '12IS6C1'),
('1RV15AS029', '12IS6C1'),
('1RV15AS030', '12IS6C1'),
('1RV15AS031', '12IS6C1'),
('1RV15AS032', '12IS6C1'),
('1RV15AS033', '12IS6C1'),
('1RV15AS034', '12IS6C1'),
('1RV15AS035', '12IS6C1'),
('1RV15AS036', '12IS6C1'),
('1RV15AS037', '12IS6C1'),
('1RV15AS038', '12IS6C1'),
('1RV15AS039', '12IS6C1'),
('1RV15AS040', '12IS6C1'),
('1RV15AS041', '12IS6C1'),
('1RV15AS042', '12IS6C1'),
('1RV15AS043', '12IS6C1'),
('1RV15AS044', '12IS6C1'),
('1RV15AS045', '12IS6C1'),
('1RV15AS046', '12IS6C1'),
('1RV15AS047', '12IS6C1'),
('1RV15AS048', '12IS6C1'),
('1RV15AS049', '12IS6C1'),
('1RV15EE000', '12IS6C2'),
('1RV15EE001', '12IS6C2'),
('1RV15EE002', '12IS6C2'),
('1RV15EE003', '12IS6C2'),
('1RV15EE004', '12IS6C2'),
('1RV15EE005', '12IS6C2'),
('1RV15EE006', '12IS6C2'),
('1RV15EE007', '12IS6C2'),
('1RV15EE008', '12IS6C2'),
('1RV15EE009', '12IS6C2'),
('1RV15EE010', '12IS6C2'),
('1RV15EE011', '12IS6C2'),
('1RV15EE012', '12IS6C2'),
('1RV15EE013', '12IS6C2'),
('1RV15EE014', '12IS6C2'),
('1RV15EE015', '12IS6C2'),
('1RV15EE016', '12IS6C2'),
('1RV15EE017', '12IS6C2'),
('1RV15EE018', '12IS6C2'),
('1RV15EE019', '12IS6C2'),
('1RV15EE020', '12IS6C2'),
('1RV15EE021', '12IS6C2'),
('1RV15EE022', '12IS6C2'),
('1RV15EE023', '12IS6C2'),
('1RV15EE024', '12IS6C2'),
('1RV15EE025', '12IS6C2'),
('1RV15EE026', '12IS6C2'),
('1RV15EE027', '12IS6C2'),
('1RV15EE028', '12IS6C2'),
('1RV15EE029', '12IS6C2'),
('1RV15EE030', '12IS6C2'),
('1RV15EE031', '12IS6C2'),
('1RV15EE032', '12IS6C2'),
('1RV15EE033', '12IS6C2'),
('1RV15EE034', '12IS6C2'),
('1RV15EE035', '12IS6C2'),
('1RV15EE036', '12IS6C2'),
('1RV15EE037', '12IS6C2'),
('1RV15EE038', '12IS6C2'),
('1RV15EE039', '12IS6C2'),
('1RV15EE040', '12IS6C2'),
('1RV15EE041', '12IS6C2'),
('1RV15EE042', '12IS6C2'),
('1RV15EE043', '12IS6C2'),
('1RV15EE044', '12IS6C2'),
('1RV15EE045', '12IS6C2'),
('1RV15EE046', '12IS6C2'),
('1RV15EE047', '12IS6C2'),
('1RV15EE048', '12IS6C2'),
('1RV15EE049', '12IS6C2'),
('1RV15EE000', '12IS6C3'),
('1RV15EE001', '12IS6C3'),
('1RV15EE002', '12IS6C3'),
('1RV15EE003', '12IS6C3'),
('1RV15EE004', '12IS6C3'),
('1RV15EE005', '12IS6C3'),
('1RV15EE006', '12IS6C3'),
('1RV15EE007', '12IS6C3'),
('1RV15EE008', '12IS6C3'),
('1RV15EE009', '12IS6C3'),
('1RV15EE010', '12IS6C3'),
('1RV15EE011', '12IS6C3'),
('1RV15EE012', '12IS6C3'),
('1RV15EE013', '12IS6C3'),
('1RV15EE014', '12IS6C3'),
('1RV15EE015', '12IS6C3'),
('1RV15EE016', '12IS6C3'),
('1RV15EE017', '12IS6C3'),
('1RV15EE018', '12IS6C3'),
('1RV15EE019', '12IS6C3'),
('1RV15EE020', '12IS6C3'),
('1RV15EE021', '12IS6C3'),
('1RV15EE022', '12IS6C3'),
('1RV15EE023', '12IS6C3'),
('1RV15EE024', '12IS6C3'),
('1RV15EE025', '12IS6C3'),
('1RV15EE026', '12IS6C3'),
('1RV15EE027', '12IS6C3'),
('1RV15EE028', '12IS6C3'),
('1RV15EE029', '12IS6C3'),
('1RV15EE030', '12IS6C3'),
('1RV15EE031', '12IS6C3'),
('1RV15EE032', '12IS6C3'),
('1RV15EE033', '12IS6C3'),
('1RV15EE034', '12IS6C3'),
('1RV15EE035', '12IS6C3'),
('1RV15EE036', '12IS6C3'),
('1RV15EE037', '12IS6C3'),
('1RV15EE038', '12IS6C3'),
('1RV15EE039', '12IS6C3'),
('1RV15EE040', '12IS6C3'),
('1RV15EE041', '12IS6C3'),
('1RV15EE042', '12IS6C3'),
('1RV15EE043', '12IS6C3'),
('1RV15EE044', '12IS6C3'),
('1RV15EE045', '12IS6C3'),
('1RV15EE046', '12IS6C3'),
('1RV15EE047', '12IS6C3'),
('1RV15EE048', '12IS6C3'),
('1RV15EE049', '12IS6C3'),
('1RV15EE000', '12IS6C4'),
('1RV15EE001', '12IS6C4'),
('1RV15EE002', '12IS6C4'),
('1RV15EE003', '12IS6C4'),
('1RV15EE004', '12IS6C4'),
('1RV15EE005', '12IS6C4'),
('1RV15EE006', '12IS6C4'),
('1RV15EE007', '12IS6C4'),
('1RV15EE008', '12IS6C4'),
('1RV15EE009', '12IS6C4'),
('1RV15EE010', '12IS6C4'),
('1RV15EE011', '12IS6C4'),
('1RV15EE012', '12IS6C4'),
('1RV15EE013', '12IS6C4'),
('1RV15EE014', '12IS6C4'),
('1RV15EE015', '12IS6C4'),
('1RV15EE016', '12IS6C4'),
('1RV15EE017', '12IS6C4'),
('1RV15EE018', '12IS6C4'),
('1RV15EE019', '12IS6C4'),
('1RV15EE020', '12IS6C4'),
('1RV15EE021', '12IS6C4'),
('1RV15EE022', '12IS6C4'),
('1RV15EE023', '12IS6C4'),
('1RV15EE024', '12IS6C4'),
('1RV15EE025', '12IS6C4'),
('1RV15EE026', '12IS6C4'),
('1RV15EE027', '12IS6C4'),
('1RV15EE028', '12IS6C4'),
('1RV15EE029', '12IS6C4'),
('1RV15EE030', '12IS6C4'),
('1RV15EE031', '12IS6C4'),
('1RV15EE032', '12IS6C4'),
('1RV15EE033', '12IS6C4'),
('1RV15EE034', '12IS6C4'),
('1RV15EE035', '12IS6C4'),
('1RV15EE036', '12IS6C4'),
('1RV15EE037', '12IS6C4'),
('1RV15EE038', '12IS6C4'),
('1RV15EE039', '12IS6C4'),
('1RV15EE040', '12IS6C4'),
('1RV15EE041', '12IS6C4'),
('1RV15EE042', '12IS6C4'),
('1RV15EE043', '12IS6C4'),
('1RV15EE044', '12IS6C4'),
('1RV15EE045', '12IS6C4'),
('1RV15EE046', '12IS6C4'),
('1RV15EE047', '12IS6C4'),
('1RV15EE048', '12IS6C4'),
('1RV15EE049', '12IS6C4'),
('1RV15EC000', '12IS6C5'),
('1RV15EC001', '12IS6C5'),
('1RV15EC002', '12IS6C5'),
('1RV15EC003', '12IS6C5'),
('1RV15EC004', '12IS6C5'),
('1RV15EC005', '12IS6C5'),
('1RV15EC006', '12IS6C5'),
('1RV15EC007', '12IS6C5'),
('1RV15EC008', '12IS6C5'),
('1RV15EC009', '12IS6C5'),
('1RV15EC010', '12IS6C5'),
('1RV15EC011', '12IS6C5'),
('1RV15EC012', '12IS6C5'),
('1RV15EC013', '12IS6C5'),
('1RV15EC014', '12IS6C5'),
('1RV15EC015', '12IS6C5'),
('1RV15EC016', '12IS6C5'),
('1RV15EC017', '12IS6D1'),
('1RV15EC018', '12IS6D1'),
('1RV15EC019', '12IS6D1'),
('1RV15EC020', '12IS6D1'),
('1RV15EC021', '12IS6D1'),
('1RV15EC022', '12IS6D1'),
('1RV15EC023', '12IS6D1'),
('1RV15EC024', '12IS6D1'),
('1RV15EC025', '12IS6D1'),
('1RV15EC026', '12IS6D1'),
('1RV15EC027', '12IS6D1'),
('1RV15EC028', '12IS6D1'),
('1RV15EC029', '12IS6D1'),
('1RV15EC030', '12IS6D1'),
('1RV15EC031', '12IS6D1'),
('1RV15EC032', '12IS6D1'),
('1RV15EC033', '12IS6D1'),
('1RV15EC034', '12IS6D1'),
('1RV15EC035', '12IS6D1'),
('1RV15EC036', '12IS6D1'),
('1RV15EC037', '12IS6D1'),
('1RV15EC038', '12IS6D2'),
('1RV15EC039', '12IS6D2'),
('1RV15EC040', '12IS6D2'),
('1RV15EC041', '12IS6D2'),
('1RV15EC042', '12IS6D2'),
('1RV15EC043', '12IS6D2'),
('1RV15EC044', '12IS6D2'),
('1RV15EC045', '12IS6D2'),
('1RV15EC046', '12IS6D2'),
('1RV15EC047', '12IS6D2'),
('1RV15EC048', '12IS6D2'),
('1RV15EC049', '12IS6D2'),
('1RV15EC000', '12IS7E1'),
('1RV15EC001', '12IS7E1'),
('1RV15EC002', '12IS7E1'),
('1RV15EC003', '12IS7E1'),
('1RV15EC004', '12IS7E1'),
('1RV15EC005', '12IS7E1'),
('1RV15EC006', '12IS7E1'),
('1RV15EC007', '12IS7E1'),
('1RV15EC008', '12IS7E1'),
('1RV15EC009', '12IS7E1'),
('1RV15EC010', '12IS7E1'),
('1RV15EC011', '12IS7E1'),
('1RV15EC012', '12IS7E1'),
('1RV15EC013', '12IS7E1'),
('1RV15EC014', '12IS7E1'),
('1RV15EC015', '12IS7E1'),
('1RV15EC016', '12IS7E1'),
('1RV15EC017', '12IS7E1'),
('1RV15EC018', '12IS7E1'),
('1RV15EC019', '12IS7E1'),
('1RV15EC020', '12IS7E1'),
('1RV15EC021', '12IS7E1'),
('1RV15EC022', '12IS7E1'),
('1RV15EC023', '12IS7E1'),
('1RV15EC024', '12IS7E1'),
('1RV15EC025', '12IS7E1'),
('1RV15EC026', '12IS7E1'),
('1RV15EC027', '12IS7E1'),
('1RV15EC028', '12IS7E1'),
('1RV15EC029', '12IS7E1'),
('1RV15EC030', '12IS7E1'),
('1RV15EC031', '12IS7E1'),
('1RV15EC032', '12IS7E1'),
('1RV15EC033', '12IS7E1'),
('1RV15EC034', '12IS7E1'),
('1RV15EC035', '12IS7E1'),
('1RV15EC036', '12IS7E1'),
('1RV15EC037', '12IS7E1'),
('1RV15EC038', '12IS7E1'),
('1RV15EC039', '12IS7E1'),
('1RV15EC040', '12IS7E1'),
('1RV15EC041', '12IS7E1'),
('1RV15EC042', '12IS7E1'),
('1RV15EC043', '12IS7E1'),
('1RV15EC044', '12IS7E1'),
('1RV15EC045', '12IS7E1'),
('1RV15EC046', '12IS7E1'),
('1RV15EC047', '12IS7E1'),
('1RV15EC048', '12IS7E1'),
('1RV15EC049', '12IS7E1'),
('1RV15EC000', '12IS7E2'),
('1RV15EC001', '12IS7E2'),
('1RV15EC002', '12IS7E2'),
('1RV15EC003', '12IS7E2'),
('1RV15EC004', '12IS7E2'),
('1RV15EC005', '12IS7E2'),
('1RV15EC006', '12IS7E2'),
('1RV15EC007', '12IS7E2'),
('1RV15EC008', '12IS7E2'),
('1RV15EC009', '12IS7E2'),
('1RV15EC010', '12IS7E2'),
('1RV15EC011', '12IS7E2'),
('1RV15EC012', '12IS7E2'),
('1RV15EC013', '12IS7E2'),
('1RV15EC014', '12IS7E2'),
('1RV15EC015', '12IS7E2'),
('1RV15EC016', '12IS7E2'),
('1RV15EC017', '12IS7E2'),
('1RV15EC018', '12IS7E2'),
('1RV15EC019', '12IS7E2'),
('1RV15EC020', '12IS7E2'),
('1RV15EC021', '12IS7E2'),
('1RV15EC022', '12IS7E2'),
('1RV15EC023', '12IS7E2'),
('1RV15EC024', '12IS7E2'),
('1RV15EC025', '12IS7E2'),
('1RV15EC026', '12IS7E2'),
('1RV15EC027', '12IS7E2'),
('1RV15EC028', '12IS7E2'),
('1RV15EC029', '12IS7E2'),
('1RV15EC030', '12IS7E2'),
('1RV15EC031', '12IS7E2'),
('1RV15EC032', '12IS7E2'),
('1RV15EC033', '12IS7E2'),
('1RV15EC034', '12IS7E2'),
('1RV15EC035', '12IS7E2'),
('1RV15EC036', '12IS7E2'),
('1RV15EC037', '12IS7E2'),
('1RV15EC038', '12IS7E2'),
('1RV15EC039', '12IS7E2'),
('1RV15EC040', '12IS7E2'),
('1RV15EC041', '12IS7E2'),
('1RV15EC042', '12IS7E2'),
('1RV15EC043', '12IS7E2'),
('1RV15EC044', '12IS7E2'),
('1RV15EC045', '12IS7E2'),
('1RV15EC046', '12IS7E2'),
('1RV15EC047', '12IS7E2'),
('1RV15EC048', '12IS7E2'),
('1RV15EC049', '12IS7E2'),
('1RV15EC000', '12IS7E3'),
('1RV15EC001', '12IS7E3'),
('1RV15EC002', '12IS7E3'),
('1RV15EC003', '12IS7E3'),
('1RV15EC004', '12IS7E3'),
('1RV15EC005', '12IS7E3'),
('1RV15EC006', '12IS7E3'),
('1RV15EC007', '12IS7E3'),
('1RV15EC008', '12IS7E3'),
('1RV15EC009', '12IS7E3'),
('1RV15EC010', '12IS7E3'),
('1RV15EC011', '12IS7E3'),
('1RV15EC012', '12IS7E3'),
('1RV15EC013', '12IS7E3'),
('1RV15EC014', '12IS7E3'),
('1RV15EC015', '12IS7E3'),
('1RV15EC016', '12IS7E3'),
('1RV15EC017', '12IS7E3'),
('1RV15EC018', '12IS7E3'),
('1RV15EC019', '12IS7E3'),
('1RV15EC020', '12IS7E3'),
('1RV15EC021', '12IS7E3'),
('1RV15EC022', '12IS7E3'),
('1RV15EC023', '12IS7E3'),
('1RV15EC024', '12IS7E3'),
('1RV15EC025', '12IS7E3'),
('1RV15EC026', '12IS7E3'),
('1RV15EC027', '12IS7E3'),
('1RV15EC028', '12IS7E3'),
('1RV15EC029', '12IS7E3'),
('1RV15EC030', '12IS7E3'),
('1RV15EC031', '12IS7E3'),
('1RV15EC032', '12IS7E3'),
('1RV15EC033', '12IS7E3'),
('1RV15EC034', '12IS7E3'),
('1RV15EC035', '12IS7E3'),
('1RV15EC036', '12IS7E3'),
('1RV15EC037', '12IS7E3'),
('1RV15EC038', '12IS7E3'),
('1RV15EC039', '12IS7E3'),
('1RV15EC040', '12IS7E3'),
('1RV15EC041', '12IS7E3'),
('1RV15EC042', '12IS7E3'),
('1RV15EC043', '12IS7E3'),
('1RV15EC044', '12IS7E3'),
('1RV15EC045', '12IS7E3'),
('1RV15EC046', '12IS7E3'),
('1RV15EC047', '12IS7E3'),
('1RV15EC048', '12IS7E3'),
('1RV15EC049', '12IS7E3');

-- --------------------------------------------------------

--
-- Table structure for table `timings`
--

DROP TABLE IF EXISTS `timings`;
CREATE TABLE IF NOT EXISTS `timings` (
  `Start_datetime` datetime NOT NULL,
  `End_datetime` datetime NOT NULL,
  `timingsid` int(10) UNSIGNED NOT NULL AUTO_INCREMENT,
  PRIMARY KEY (`timingsid`)
) ENGINE=InnoDB AUTO_INCREMENT=32 DEFAULT CHARSET=utf8 COMMENT='a test may start and end at different times ';

--
-- Dumping data for table `timings`
--

INSERT INTO `timings` (`Start_datetime`, `End_datetime`, `timingsid`) VALUES
('2018-05-10 09:30:00', '2018-05-10 12:30:00', 1),
('2018-05-10 14:00:00', '2018-05-10 17:00:00', 2),
('2018-05-11 09:30:00', '2018-05-11 12:30:00', 3),
('2018-05-11 14:00:00', '2018-05-11 17:00:00', 4),
('2018-05-12 09:30:00', '2018-05-12 12:30:00', 5),
('2018-05-12 14:00:00', '2018-05-12 17:00:00', 6),
('2018-05-14 09:30:00', '2018-05-14 12:30:00', 7),
('2018-05-14 14:00:00', '2018-05-14 17:00:00', 8),
('2018-05-15 09:30:00', '2018-05-15 12:30:00', 9),
('2018-05-15 14:00:00', '2018-05-15 17:00:00', 10),
('2018-05-16 09:30:00', '2018-05-16 12:30:00', 11),
('2018-05-16 14:00:00', '2018-05-16 17:00:00', 12),
('2018-05-17 09:30:00', '2018-05-17 12:30:00', 13),
('2018-05-17 14:00:00', '2018-05-17 17:00:00', 14),
('2018-05-18 09:30:00', '2018-05-18 12:30:00', 15),
('2018-05-18 14:00:00', '2018-05-18 17:00:00', 16),
('2018-05-19 09:30:00', '2018-05-19 12:30:00', 17),
('2018-05-19 14:00:00', '2018-05-19 17:00:00', 18),
('2018-05-21 09:30:00', '2018-05-21 12:30:00', 19),
('2018-05-21 14:00:00', '2018-05-21 17:00:00', 20),
('2018-05-22 09:30:00', '2018-05-22 12:30:00', 21),
('2018-05-22 14:00:00', '2018-05-22 17:00:00', 22),
('2018-05-23 09:30:00', '2018-05-23 12:30:00', 23),
('2018-05-23 14:00:00', '2018-05-23 17:00:00', 24),
('2018-05-24 09:30:00', '2018-05-24 12:30:00', 25),
('2018-05-24 14:00:00', '2018-05-24 17:00:00', 26),
('2018-05-26 09:30:00', '2018-05-26 12:30:00', 27),
('2018-05-26 14:00:00', '2018-05-26 17:00:00', 28),
('2018-06-26 09:30:00', '2018-06-26 12:30:00', 31);

--
-- Constraints for dumped tables
--

--
-- Constraints for table `classroom`
--
ALTER TABLE `classroom`
  ADD CONSTRAINT `DepartmentNumber` FOREIGN KEY (`DepartmentNumber`) REFERENCES `department` (`DepartmentNumber`) ON DELETE CASCADE ON UPDATE NO ACTION;

--
-- Constraints for table `course`
--
ALTER TABLE `course`
  ADD CONSTRAINT `DeptNumber` FOREIGN KEY (`DepartmentNumber`) REFERENCES `department` (`DepartmentNumber`) ON DELETE SET NULL ON UPDATE SET NULL;

--
-- Constraints for table `faculty`
--
ALTER TABLE `faculty`
  ADD CONSTRAINT `DprtmtNum` FOREIGN KEY (`DepartmentNumber`) REFERENCES `department` (`DepartmentNumber`) ON DELETE SET NULL ON UPDATE SET NULL;

--
-- Constraints for table `faculty_timealloc`
--
ALTER TABLE `faculty_timealloc`
  ADD CONSTRAINT `Facultyid` FOREIGN KEY (`FSN`) REFERENCES `faculty` (`FSN`) ON DELETE CASCADE ON UPDATE CASCADE;

--
-- Constraints for table `seat_alloc`
--
ALTER TABLE `seat_alloc`
  ADD CONSTRAINT `coursecodee` FOREIGN KEY (`coursecode`) REFERENCES `course` (`Code`) ON DELETE CASCADE ON UPDATE CASCADE,
  ADD CONSTRAINT `stid` FOREIGN KEY (`USN`) REFERENCES `student` (`USN`) ON DELETE CASCADE ON UPDATE CASCADE;

--
-- Constraints for table `studentcourse`
--
ALTER TABLE `studentcourse`
  ADD CONSTRAINT `courseecode` FOREIGN KEY (`coursecode`) REFERENCES `course` (`Code`) ON DELETE CASCADE ON UPDATE CASCADE,
  ADD CONSTRAINT `studid` FOREIGN KEY (`USN`) REFERENCES `student` (`USN`) ON DELETE CASCADE ON UPDATE CASCADE;
COMMIT;

/*!40101 SET CHARACTER_SET_CLIENT=@OLD_CHARACTER_SET_CLIENT */;
/*!40101 SET CHARACTER_SET_RESULTS=@OLD_CHARACTER_SET_RESULTS */;
/*!40101 SET COLLATION_CONNECTION=@OLD_COLLATION_CONNECTION */;
